ID,Type,SKU,Name,Published,"Is featured?","Visibility in catalog","Short description",Description,"Date sale price starts","Date sale price ends","Tax status","Tax class","In stock?",Stock,"Low stock amount","Backorders allowed?","Sold individually?","Weight (kg)","Length (cm)","Width (cm)","Height (cm)","Allow customer reviews?","Purchase note","Sale price","Regular price",Categories,Tags,"Shipping class",Images,"Download limit","Download expiry days",Parent,"Grouped products",Upsells,Cross-sells,"External URL","Button text",Position
680,simple,044,"Impresora multifunción láser monocromática inalámbrica Xerox WorkCentre",1,0,visible,,"<ul>\n 	<li>Nítida calidad de imagen mejorada de 4800 x 600 ppp</li>\n 	<li>Incluye Ethernet, Wi-Fi y USB, lo que permite una conexión fácil para un usuario o todo el equipo de trabajo</li>\n 	<li>Velocidad de impresión de hasta 27 páginas / minuto y velocidad de copia de hasta 10 segundos</li>\n</ul>",,,taxable,,1,,,0,0,2,10,10,15,1,,90,109,Impresoras,,,http://edelosreyes.me/WordPress/wp-content/uploads/2017/01/41.jpg,,,043,,,,,,44
681,simple,045,"Impresora multifunción HP LaserJet Pro",1,0,visible,,"<ul>\n 	<li>Impresora Multifuncional; le permite imprimir, copiar, escanear y enviar faxes con una sola máquina</li>\n 	<li>Resolución de impresión de hasta 1200 ppp; asegura impresiones de alta calidad</li>\n 	<li>Conectividad Ethernet; aumenta la productividad</li>\n 	<li>USB 2.0, Gigabit LAN, WiFi (n) y USB Host; asegura una conectividad poderosa</li>\n 	<li>AirPrint, Google Cloud Print, HP ePrint, Impresión directa inalámbrica; te permite imprimir desde tu móvil</li>\n</ul>",,,taxable,,1,,,0,0,,,,,1,,,269,Impresoras,,,"http://edelosreyes.me/WordPress/wp-content/uploads/2017/01/42.jpg, http://edelosreyes.me/WordPress/wp-content/uploads/2017/01/42.5.jpg, http://edelosreyes.me/WordPress/wp-content/uploads/2017/01/42.4.jpg, http://edelosreyes.me/WordPress/wp-content/uploads/2017/01/42.3.jpg, http://edelosreyes.me/WordPress/wp-content/uploads/2017/01/42.2.jpg, http://edelosreyes.me/WordPress/wp-content/uploads/2017/01/42.1.jpg",,,043,,,,,,45
696,simple,046,"Impresora láser monocromática Lexmark B2338dw",1,0,visible,,"<ul>\n 	<li>1200x1200 dpi; Ofrece una impresionante resolución de impresión.</li>\n 	<li>Velocidades de impresión de 38 ppm; ofrece velocidades de impresión rápidas para mejorar su productividad</li>\n 	<li>Conectividad USB 2.0; Ofrece un intercambio de recursos fácil y conveniente.</li>\n 	<li>Procesador de 1.0GHz; Analiza rápidamente los datos para un rápido rendimiento de impresión</li>\n 	<li>Memoria de 512MB; Produce impresiones a 38 páginas por minuto.</li>\n</ul>",,,taxable,,1,,,0,0,2,10,10,15,1,,,139,Impresoras,,,"http://edelosreyes.me/WordPress/wp-content/uploads/2017/01/43.jpg, http://edelosreyes.me/WordPress/wp-content/uploads/2017/01/43.2.jpg, http://edelosreyes.me/WordPress/wp-content/uploads/2017/01/43.1.jpg",,,,,,,,,46
702,simple,047,"Impresora multifunción HP Color LaserJet Pro M477fnw",1,0,visible,,"<ul>\n 	<li>Impresión láser; Impresora de alta velocidad con tinta de larga duración.</li>\n 	<li>Velocidad de 28PPM; Imprime hasta 28 páginas por minuto</li>\n 	<li>WiFi y conectividad USB; Imprima de forma inalámbrica, a través de la red o desde un USB</li>\n 	<li>Certificación ENERGY STAR; Rentable y ahorra energía.</li>\n</ul>",,,taxable,,1,,,0,0,2,10,10,15,1,,,529,Impresoras,,,"http://edelosreyes.me/WordPress/wp-content/uploads/2017/01/44.jpg, http://edelosreyes.me/WordPress/wp-content/uploads/2017/01/44.5.jpg, http://edelosreyes.me/WordPress/wp-content/uploads/2017/01/44.4.jpg, http://edelosreyes.me/WordPress/wp-content/uploads/2017/01/44.3.jpg, http://edelosreyes.me/WordPress/wp-content/uploads/2017/01/44.2.jpg, http://edelosreyes.me/WordPress/wp-content/uploads/2017/01/44.1.jpg",,,,,,,,,47
709,simple,048,"Impresora láser multifunción monocromática Lexmark MB2236adw",1,0,visible,,"<ul>\n 	<li>Multifuncional le permite imprimir, copiar, escanear y enviar faxes desde una máquina, lo que resulta en rentabilidad</li>\n 	<li>Velocidades de impresión de 36 ppm; ofrece velocidades de impresión rápidas para mejorar su productividad</li>\n 	<li>Conectividad USB 2.0; Ofrece un intercambio de recursos fácil y conveniente.</li>\n 	<li>Procesador de doble núcleo de 1 GHz; Analiza rápidamente los datos para un rápido rendimiento de impresión</li>\n</ul>",,,taxable,,1,,,0,0,2,10,10,15,1,,,183,Impresoras,,,"http://edelosreyes.me/WordPress/wp-content/uploads/2017/01/45.jpg, http://edelosreyes.me/WordPress/wp-content/uploads/2017/01/45.4.jpg, http://edelosreyes.me/WordPress/wp-content/uploads/2017/01/45.3.jpg, http://edelosreyes.me/WordPress/wp-content/uploads/2017/01/45.2.jpg, http://edelosreyes.me/WordPress/wp-content/uploads/2017/01/45.1.jpg",,,,,,,,,48
715,simple,049,"Impresora láser multifunción monocromática Lexmark MB2442adwe",1,0,visible,,"<ul>\n 	<li>Multifuncional le permite imprimir, copiar, escanear y enviar faxes desde una máquina, lo que resulta en rentabilidad</li>\n 	<li>Velocidades de impresión de 42 ppm; ofrece velocidades de impresión rápidas para mejorar su productividad</li>\n 	<li>Conectividad USB 2.0; Ofrece un intercambio de recursos fácil y conveniente.</li>\n 	<li>Procesador de doble núcleo de 1000MHz; Analiza rápidamente los datos para un rápido rendimiento de impresión</li>\n</ul>",,,taxable,,1,,,0,0,2,10,10,15,1,,,279,Impresoras,,,"http://edelosreyes.me/WordPress/wp-content/uploads/2017/01/46.jpg, http://edelosreyes.me/WordPress/wp-content/uploads/2017/01/46.3.jpg, http://edelosreyes.me/WordPress/wp-content/uploads/2017/01/46.2.jpg, http://edelosreyes.me/WordPress/wp-content/uploads/2017/01/46.1.jpg",,,,,,,,,49
721,simple,050,"Impresora multifunción HP Color LaserJet Pro M281fdw",1,0,visible,,"<ul>\n 	<li>USB 2.0 y LAN; permite una conexión fácil desde un dispositivo de almacenamiento externo, así como el envío de comandos a través de la LAN</li>\n 	<li>Dúplex automático; Asegura impresiones de calidad a un ritmo más rápido</li>\n 	<li>Resolución 600 x 600 DPI; Proporciona velocidad, calidad y versatilidad.</li>\n 	<li>256 MB de RAM; responde a tareas sustanciales eficientemente</li>\n</ul>",,,taxable,,1,,,0,0,2,10,10,15,1,,,429,Impresoras,,,"http://edelosreyes.me/WordPress/wp-content/uploads/2017/01/47.jpg, http://edelosreyes.me/WordPress/wp-content/uploads/2017/01/47.4.jpg, http://edelosreyes.me/WordPress/wp-content/uploads/2017/01/47.3.jpg, http://edelosreyes.me/WordPress/wp-content/uploads/2017/01/47.2.jpg, http://edelosreyes.me/WordPress/wp-content/uploads/2017/01/47.1.jpg",,,,,,,,,50
727,simple,051,"Impresora multifunción Xerox 6027 / NI WorkCentre",1,0,visible,,"<ul>\n 	<li>Impresora Multifuncional; le permite imprimir, copiar, escanear y enviar faxes con una sola máquina</li>\n 	<li>Resolución de impresión de hasta 1200x2400 dpi con calidad de imagen mejorada; asegura impresiones de alta calidad de imagen</li>\n 	<li>Pantalla táctil en el panel del operador; te permite usar aplicaciones basadas en web directamente</li>\n 	<li>USB 2.0, USB Host y Wi-Fi certificados; asegura una conectividad poderosa</li>\n 	<li>Calificación ENERGY STAR; Asegura que este dispositivo sea amigable con el medio ambiente.</li>\n</ul>",,,taxable,,1,,,0,0,2,10,10,15,1,,,199,Impresoras,,,"http://edelosreyes.me/WordPress/wp-content/uploads/2017/01/48.jpg, http://edelosreyes.me/WordPress/wp-content/uploads/2017/01/48.4.jpg, http://edelosreyes.me/WordPress/wp-content/uploads/2017/01/48.3.jpg, http://edelosreyes.me/WordPress/wp-content/uploads/2017/01/48.2.jpg, http://edelosreyes.me/WordPress/wp-content/uploads/2017/01/48.1.jpg",,,,,,,,,51
827,simple,052,"Epson PictureMate PM-400",1,0,visible,,"Micro\n<img class=""ae-exclude"" src=""https://cdn-us-ec.yottaa.net/56abbca0312e5815f5000542/e42d88e0d50401335179123dfe2baf36.yottaa.net/v~4b.47/main/gfx-blkbullet.jpg?yocs=2m_2E_&amp;yoloc=us"" alt="""" align=""absmiddle"" data-yo-delaytype=""lazy"" data-yo-src=""https://cdn-us-ec.yottaa.net/56abbca0312e5815f5000542/e42d88e0d50401335179123dfe2baf36.yottaa.net/v~4b.47/main/gfx-blkbullet.jpg?yocs=2m_2E_&amp;yoloc=us"" data-yo-loaded=""true"" data-aesra-score=""imgTextAlternative:1;"" aria-hidden=""true"" />  paleta de tinta piezoeléctrica Epson compatible (colores): 4 tintas - cian, magenta, amarillo, negro\n<img class=""ae-exclude"" src=""https://cdn-us-ec.yottaa.net/56abbca0312e5815f5000542/e42d88e0d50401335179123dfe2baf36.yottaa.net/v~4b.47/main/gfx-blkbullet.jpg?yocs=2m_2E_&amp;yoloc=us"" alt="""" align=""absmiddle"" data-yo-delaytype=""lazy"" data-yo-src=""https://cdn-us-ec.yottaa.net/56abbca0312e5815f5000542/e42d88e0d50401335179123dfe2baf36.yottaa.net/v~4b.47/main/gfx-blkbullet.jpg?yocs=2m_2E_&amp;yoloc=us"" data-yo-loaded=""true"" data-aesra-score=""imgTextAlternative:1;"" aria-hidden=""true"" />  Configuración de boquillas: 180 boquillas (por cartucho)\n<img class=""ae-exclude"" src=""https://cdn-us-ec.yottaa.net/56abbca0312e5815f5000542/e42d88e0d50401335179123dfe2baf36.yottaa.net/v~4b.47/main/gfx-blkbullet.jpg?yocs=2m_2E_&amp;yoloc=us"" alt="""" align=""absmiddle"" data-yo-delaytype=""lazy"" data-yo-src=""https://cdn-us-ec.yottaa.net/56abbca0312e5815f5000542/e42d88e0d50401335179123dfe2baf36.yottaa.net/v~4b.47/main/gfx-blkbullet.jpg?yocs=2m_2E_&amp;yoloc=us"" data-yo-loaded=""true"" data-aesra-score=""imgTextAlternative:1;"" aria-hidden=""true"" />  Tamaño mínimo de gota de tinta: 2 pl.\n<img class=""ae-exclude"" src=""https://cdn-us-ec.yottaa.net/56abbca0312e5815f5000542/e42d88e0d50401335179123dfe2baf36.yottaa.net/v~4b.47/main/gfx-blkbullet.jpg?yocs=2m_2E_&amp;yoloc=us"" alt="""" align=""absmiddle"" data-yo-delaytype=""lazy"" data-yo-src=""https://cdn-us-ec.yottaa.net/56abbca0312e5815f5000542/e42d88e0d50401335179123dfe2baf36.yottaa.net/v~4b.47/main/gfx-blkbullet.jpg?yocs=2m_2E_&amp;yoloc=us"" data-yo-loaded=""true"" data-aesra-score=""imgTextAlternative:1;"" aria-hidden=""true"" />  Configuración del cartucho de tinta: 1 cartucho (cian, magenta, amarillo, negro)\n<img class=""ae-exclude"" src=""https://cdn-us-ec.yottaa.net/56abbca0312e5815f5000542/e42d88e0d50401335179123dfe2baf36.yottaa.net/v~4b.47/main/gfx-blkbullet.jpg?yocs=2m_2E_&amp;yoloc=us"" alt="""" align=""absmiddle"" data-yo-delaytype=""lazy"" data-yo-src=""https://cdn-us-ec.yottaa.net/56abbca0312e5815f5000542/e42d88e0d50401335179123dfe2baf36.yottaa.net/v~4b.47/main/gfx-blkbullet.jpg?yocs=2m_2E_&amp;yoloc=us"" data-yo-loaded=""true"" data-aesra-score=""imgTextAlternative:1;"" aria-hidden=""true"" />  Velocidad de impresión: hasta 1.7 ppm - borrador de fotos - 4 en x 6\n<img class=""ae-exclude"" src=""https://cdn-us-ec.yottaa.net/56abbca0312e5815f5000542/e42d88e0d50401335179123dfe2baf36.yottaa.net/v~4b.47/main/gfx-blkbullet.jpg?yocs=2m_2E_&amp;yoloc=us"" alt="""" align=""absmiddle"" data-yo-delaytype=""lazy"" data-yo-src=""https://cdn-us-ec.yottaa.net/56abbca0312e5815f5000542/e42d88e0d50401335179123dfe2baf36.yottaa.net/v~4b.47/main/gfx-blkbullet.jpg?yocs=2m_2E_&amp;yoloc=us"" data-yo-loaded=""true"" data-aesra-score=""imgTextAlternative:1;"" aria-hidden=""true"" />  en Dispositivos incorporados: Pantalla de\n<img class=""ae-exclude"" src=""https://cdn-us-ec.yottaa.net/56abbca0312e5815f5000542/e42d88e0d50401335179123dfe2baf36.yottaa.net/v~4b.47/main/gfx-blkbullet.jpg?yocs=2m_2E_&amp;yoloc=us"" alt="""" align=""absmiddle"" data-yo-delaytype=""lazy"" data-yo-src=""https://cdn-us-ec.yottaa.net/56abbca0312e5815f5000542/e42d88e0d50401335179123dfe2baf36.yottaa.net/v~4b.47/main/gfx-blkbullet.jpg?yocs=2m_2E_&amp;yoloc=us"" data-yo-loaded=""true"" data-aesra-score=""imgTextAlternative:1;"" aria-hidden=""true"" />  vista previa Tamaño de la pantalla de vista previa: 2.7 ""\n<img class=""ae-exclude"" src=""https://cdn-us-ec.yottaa.net/56abbca0312e5815f5000542/e42d88e0d50401335179123dfe2baf36.yottaa.net/v~4b.47/main/gfx-blkbullet.jpg?yocs=2m_2E_&amp;yoloc=us"" alt="""" align=""absmiddle"" data-yo-delaytype=""lazy"" data-yo-src=""https://cdn-us-ec.yottaa.net/56abbca0312e5815f5000542/e42d88e0d50401335179123dfe2baf36.yottaa.net/v~4b.47/main/gfx-blkbullet.jpg?yocs=2m_2E_&amp;yoloc=us"" data-yo-loaded=""true"" data-aesra-score=""imgTextAlternative:1;"" aria-hidden=""true"" />  Tecnología de conectividad:\n<img class=""ae-exclude"" src=""https://cdn-us-ec.yottaa.net/56abbca0312e5815f5000542/e42d88e0d50401335179123dfe2baf36.yottaa.net/v~4b.47/main/gfx-blkbullet.jpg?yocs=2m_2E_&amp;yoloc=us"" alt="""" align=""absmiddle"" data-yo-delaytype=""lazy"" data-yo-src=""https://cdn-us-ec.yottaa.net/56abbca0312e5815f5000542/e42d88e0d50401335179123dfe2baf36.yottaa.net/v~4b.47/main/gfx-blkbullet.jpg?yocs=2m_2E_&amp;yoloc=us"" data-yo-loaded=""true"" data-aesra-score=""imgTextAlternative:1;"" aria-hidden=""true"" />  Interfaz inalámbrica : USB 2.0, Wi-Fi (n)\n<img class=""ae-exclude"" src=""https://cdn-us-ec.yottaa.net/56abbca0312e5815f5000542/e42d88e0d50401335179123dfe2baf36.yottaa.net/v~4b.47/main/gfx-blkbullet.jpg?yocs=2m_2E_&amp;yoloc=us"" alt="""" align=""absmiddle"" data-yo-delaytype=""lazy"" data-yo-src=""https://cdn-us-ec.yottaa.net/56abbca0312e5815f5000542/e42d88e0d50401335179123dfe2baf36.yottaa.net/v~4b.47/main/gfx-blkbullet.jpg?yocs=2m_2E_&amp;yoloc=us"" data-yo-loaded=""true"" data-aesra-score=""imgTextAlternative:1;"" aria-hidden=""true"" />  AirPrint habilitado: Sí\n<img class=""ae-exclude"" src=""https://cdn-us-ec.yottaa.net/56abbca0312e5815f5000542/e42d88e0d50401335179123dfe2baf36.yottaa.net/v~4b.47/main/gfx-blkbullet.jpg?yocs=2m_2E_&amp;yoloc=us"" alt="""" align=""absmiddle"" data-yo-delaytype=""lazy"" data-yo-src=""https://cdn-us-ec.yottaa.net/56abbca0312e5815f5000542/e42d88e0d50401335179123dfe2baf36.yottaa.net/v~4b.47/main/gfx-blkbullet.jpg?yocs=2m_2E_&amp;yoloc=us"" data-yo-loaded=""true"" data-aesra-score=""imgTextAlternative:1;"" aria-hidden=""true"" />  Resolución máxima (B / N): 5760 x 1400 ppp\n<img class=""ae-exclude"" src=""https://cdn-us-ec.yottaa.net/56abbca0312e5815f5000542/e42d88e0d50401335179123dfe2baf36.yottaa.net/v~4b.47/main/gfx-blkbullet.jpg?yocs=2m_2E_&amp;yoloc=us"" alt="""" align=""absmiddle"" data-yo-delaytype=""lazy"" data-yo-src=""https://cdn-us-ec.yottaa.net/56abbca0312e5815f5000542/e42d88e0d50401335179123dfe2baf36.yottaa.net/v~4b.47/main/gfx-blkbullet.jpg?yocs=2m_2E_&amp;yoloc=us"" data-yo-loaded=""true"" data-aesra-score=""imgTextAlternative:1;"" aria-hidden=""true"" />  Resolución máxima (color): 5760 x 1400 ppp\n<img class=""ae-exclude"" src=""https://cdn-us-ec.yottaa.net/56abbca0312e5815f5000542/e42d88e0d50401335179123dfe2baf36.yottaa.net/v~4b.47/main/gfx-blkbullet.jpg?yocs=2m_2E_&amp;yoloc=us"" alt="""" align=""absmiddle"" data-yo-delaytype=""lazy"" data-yo-src=""https://cdn-us-ec.yottaa.net/56abbca0312e5815f5000542/e42d88e0d50401335179123dfe2baf36.yottaa.net/v~4b.47/main/gfx-blkbullet.jpg?yocs=2m_2E_&amp;yoloc=us"" data-yo-loaded=""true"" data-aesra-score=""imgTextAlternative:1;"" aria-hidden=""true"" />  Clase de resolución máx. (B y N): 5760 x 1400 ppp\n<img class=""ae-exclude"" src=""https://cdn-us-ec.yottaa.net/56abbca0312e5815f5000542/e42d88e0d50401335179123dfe2baf36.yottaa.net/v~4b.47/main/gfx-blkbullet.jpg?yocs=2m_2E_&amp;yoloc=us"" alt="""" align=""absmiddle"" data-yo-delaytype=""lazy"" data-yo-src=""https://cdn-us-ec.yottaa.net/56abbca0312e5815f5000542/e42d88e0d50401335179123dfe2baf36.yottaa.net/v~4b.47/main/gfx-blkbullet.jpg?yocs=2m_2E_&amp;yoloc=us"" data-yo-loaded=""true"" data-aesra-score=""imgTextAlternative:1;"" aria-hidden=""true"" />  Clase de resolución máxima (color): 5760 x 1400 ppp\n<img class=""ae-exclude"" src=""https://cdn-us-ec.yottaa.net/56abbca0312e5815f5000542/e42d88e0d50401335179123dfe2baf36.yottaa.net/v~4b.47/main/gfx-blkbullet.jpg?yocs=2m_2E_&amp;yoloc=us"" alt="""" align=""absmiddle"" data-yo-delaytype=""lazy"" data-yo-src=""https://cdn-us-ec.yottaa.net/56abbca0312e5815f5000542/e42d88e0d50401335179123dfe2baf36.yottaa.net/v~4b.47/main/gfx-blkbullet.jpg?yocs=2m_2E_&amp;yoloc=us"" data-yo-loaded=""true"" data-aesra-score=""imgTextAlternative:1;"" aria-hidden=""true"" />  Simulación de lenguaje:\n<img class=""ae-exclude"" src=""https://cdn-us-ec.yottaa.net/56abbca0312e5815f5000542/e42d88e0d50401335179123dfe2baf36.yottaa.net/v~4b.47/main/gfx-blkbullet.jpg?yocs=2m_2E_&amp;yoloc=us"" alt="""" align=""absmiddle"" data-yo-delaytype=""lazy"" data-yo-src=""https://cdn-us-ec.yottaa.net/56abbca0312e5815f5000542/e42d88e0d50401335179123dfe2baf36.yottaa.net/v~4b.47/main/gfx-blkbullet.jpg?yocs=2m_2E_&amp;yoloc=us"" data-yo-loaded=""true"" data-aesra-score=""imgTextAlternative:1;"" aria-hidden=""true"" />  Características de la impresora EPSON ESC / P raster : Impresión sin bordes, reducción de ojos rojos , detección de rostros, Auto Photo corrección",,,taxable,,1,,,0,0,2,10,10,15,1,,,249,Impresoras,,,http://edelosreyes.me/WordPress/wp-content/uploads/2017/01/49.jpg,,,,,,,,,52
833,simple,053,"Canon PIXMA iP8720 - Impresora - color - chorro de tinta",1,0,visible,,"Tecnología de inyección de tinta: Canon FINE (Ingeniería de boquilla de inyección de tinta de litografía completa)\n<img class=""ae-exclude"" src=""https://cdn-us-ec.yottaa.net/56abbca0312e5815f5000542/e42d88e0d50401335179123dfe2baf36.yottaa.net/v~4b.47/main/gfx-blkbullet.jpg?yocs=2m_2E_&amp;yoloc=us"" alt="""" align=""absmiddle"" data-yo-delaytype=""lazy"" data-yo-src=""https://cdn-us-ec.yottaa.net/56abbca0312e5815f5000542/e42d88e0d50401335179123dfe2baf36.yottaa.net/v~4b.47/main/gfx-blkbullet.jpg?yocs=2m_2E_&amp;yoloc=us"" data-yo-loaded=""true"" data-aesra-score=""imgTextAlternative:1;"" aria-hidden=""true"" />  Paleta de tinta admitida (colores): 6 tintas - cian, magenta, amarillo, negro, pigmento negro, gris\n<img class=""ae-exclude"" src=""https://cdn-us-ec.yottaa.net/56abbca0312e5815f5000542/e42d88e0d50401335179123dfe2baf36.yottaa.net/v~4b.47/main/gfx-blkbullet.jpg?yocs=2m_2E_&amp;yoloc=us"" alt="""" align=""absmiddle"" data-yo-delaytype=""lazy"" data-yo-src=""https://cdn-us-ec.yottaa.net/56abbca0312e5815f5000542/e42d88e0d50401335179123dfe2baf36.yottaa.net/v~4b.47/main/gfx-blkbullet.jpg?yocs=2m_2E_&amp;yoloc=us"" data-yo-loaded=""true"" data-aesra-score=""imgTextAlternative:1;"" aria-hidden=""true"" />  Tamaño mínimo de la gota de tinta: 1 pl\n<img class=""ae-exclude"" src=""https://cdn-us-ec.yottaa.net/56abbca0312e5815f5000542/e42d88e0d50401335179123dfe2baf36.yottaa.net/v~4b.47/main/gfx-blkbullet.jpg?yocs=2m_2E_&amp;yoloc=us"" alt="""" align=""absmiddle"" data-yo-delaytype=""lazy"" data-yo-src=""https://cdn-us-ec.yottaa.net/56abbca0312e5815f5000542/e42d88e0d50401335179123dfe2baf36.yottaa.net/v~4b.47/main/gfx-blkbullet.jpg?yocs=2m_2E_&amp;yoloc=us"" data-yo-loaded=""true"" data-aesra-score=""imgTextAlternative:1;"" aria-hidden=""true"" />  Configuración del cartucho de tinta: 6 tanques de tinta individuales\n<img class=""ae-exclude"" src=""https://cdn-us-ec.yottaa.net/56abbca0312e5815f5000542/e42d88e0d50401335179123dfe2baf36.yottaa.net/v~4b.47/main/gfx-blkbullet.jpg?yocs=2m_2E_&amp;yoloc=us"" alt="""" align=""absmiddle"" data-yo-delaytype=""lazy"" data-yo-src=""https://cdn-us-ec.yottaa.net/56abbca0312e5815f5000542/e42d88e0d50401335179123dfe2baf36.yottaa.net/v~4b.47/main/gfx-blkbullet.jpg?yocs=2m_2E_&amp;yoloc=us"" data-yo-loaded=""true"" data-aesra-score=""imgTextAlternative:1;"" aria-hidden=""true"" />  Tipo de tinta: Canon ChromaLife100 +\n<img class=""ae-exclude"" src=""https://cdn-us-ec.yottaa.net/56abbca0312e5815f5000542/e42d88e0d50401335179123dfe2baf36.yottaa.net/v~4b.47/main/gfx-blkbullet.jpg?yocs=2m_2E_&amp;yoloc=us"" alt="""" align=""absmiddle"" data-yo-delaytype=""lazy"" data-yo-src=""https://cdn-us-ec.yottaa.net/56abbca0312e5815f5000542/e42d88e0d50401335179123dfe2baf36.yottaa.net/v~4b.47/main/gfx-blkbullet.jpg?yocs=2m_2E_&amp;yoloc=us"" data-yo-loaded=""true"" data-aesra-score=""imgTextAlternative:1;"" aria-hidden=""true"" />  Velocidad de impresión: Hasta 14.5 ipm - B / W ¦ Hasta 10.4 ipm - color ¦ Hasta 0.6 min / página - foto - 4 en x 6 en\n<img class=""ae-exclude"" src=""https://cdn-us-ec.yottaa.net/56abbca0312e5815f5000542/e42d88e0d50401335179123dfe2baf36.yottaa.net/v~4b.47/main/gfx-blkbullet.jpg?yocs=2m_2E_&amp;yoloc=us"" alt="""" align=""absmiddle"" data-yo-delaytype=""lazy"" data-yo-src=""https://cdn-us-ec.yottaa.net/56abbca0312e5815f5000542/e42d88e0d50401335179123dfe2baf36.yottaa.net/v~4b.47/main/gfx-blkbullet.jpg?yocs=2m_2E_&amp;yoloc=us"" data-yo-loaded=""true"" data-aesra-score=""imgTextAlternative:1;"" aria-hidden=""true"" />  Tecnología de conectividad:\n<img class=""ae-exclude"" src=""https://cdn-us-ec.yottaa.net/56abbca0312e5815f5000542/e42d88e0d50401335179123dfe2baf36.yottaa.net/v~4b.47/main/gfx-blkbullet.jpg?yocs=2m_2E_&amp;yoloc=us"" alt="""" align=""absmiddle"" data-yo-delaytype=""lazy"" data-yo-src=""https://cdn-us-ec.yottaa.net/56abbca0312e5815f5000542/e42d88e0d50401335179123dfe2baf36.yottaa.net/v~4b.47/main/gfx-blkbullet.jpg?yocs=2m_2E_&amp;yoloc=us"" data-yo-loaded=""true"" data-aesra-score=""imgTextAlternative:1;"" aria-hidden=""true"" />  Interfaz inalámbrica : USB 2.0, Wi-Fi (n)\n<img class=""ae-exclude"" src=""https://cdn-us-ec.yottaa.net/56abbca0312e5815f5000542/e42d88e0d50401335179123dfe2baf36.yottaa.net/v~4b.47/main/gfx-blkbullet.jpg?yocs=2m_2E_&amp;yoloc=us"" alt="""" align=""absmiddle"" data-yo-delaytype=""lazy"" data-yo-src=""https://cdn-us-ec.yottaa.net/56abbca0312e5815f5000542/e42d88e0d50401335179123dfe2baf36.yottaa.net/v~4b.47/main/gfx-blkbullet.jpg?yocs=2m_2E_&amp;yoloc=us"" data-yo-loaded=""true"" data-aesra-score=""imgTextAlternative:1;"" aria-hidden=""true"" />  AirPrint habilitado: Sí\n<img class=""ae-exclude"" src=""https://cdn-us-ec.yottaa.net/56abbca0312e5815f5000542/e42d88e0d50401335179123dfe2baf36.yottaa.net/v~4b.47/main/gfx-blkbullet.jpg?yocs=2m_2E_&amp;yoloc=us"" alt="""" align=""absmiddle"" data-yo-delaytype=""lazy"" data-yo-src=""https://cdn-us-ec.yottaa.net/56abbca0312e5815f5000542/e42d88e0d50401335179123dfe2baf36.yottaa.net/v~4b.47/main/gfx-blkbullet.jpg?yocs=2m_2E_&amp;yoloc=us"" data-yo-loaded=""true"" data-aesra-score=""imgTextAlternative:1;"" aria-hidden=""true"" />  Resolución máxima (B / N): 600 x 600 ppp\n<img class=""ae-exclude"" src=""https://cdn-us-ec.yottaa.net/56abbca0312e5815f5000542/e42d88e0d50401335179123dfe2baf36.yottaa.net/v~4b.47/main/gfx-blkbullet.jpg?yocs=2m_2E_&amp;yoloc=us"" alt="""" align=""absmiddle"" data-yo-delaytype=""lazy"" data-yo-src=""https://cdn-us-ec.yottaa.net/56abbca0312e5815f5000542/e42d88e0d50401335179123dfe2baf36.yottaa.net/v~4b.47/main/gfx-blkbullet.jpg?yocs=2m_2E_&amp;yoloc=us"" data-yo-loaded=""true"" data-aesra-score=""imgTextAlternative:1;"" aria-hidden=""true"" />  Resolución máxima (color): 9600 x 2400 ppp\n<img class=""ae-exclude"" src=""https://cdn-us-ec.yottaa.net/56abbca0312e5815f5000542/e42d88e0d50401335179123dfe2baf36.yottaa.net/v~4b.47/main/gfx-blkbullet.jpg?yocs=2m_2E_&amp;yoloc=us"" alt="""" align=""absmiddle"" data-yo-delaytype=""lazy"" data-yo-src=""https://cdn-us-ec.yottaa.net/56abbca0312e5815f5000542/e42d88e0d50401335179123dfe2baf36.yottaa.net/v~4b.47/main/gfx-blkbullet.jpg?yocs=2m_2E_&amp;yoloc=us"" data-yo-loaded=""true"" data-aesra-score=""imgTextAlternative:1;"" aria-hidden=""true"" />  Impresión en CD / DVD: Sí\n<img class=""ae-exclude"" src=""https://cdn-us-ec.yottaa.net/56abbca0312e5815f5000542/e42d88e0d50401335179123dfe2baf36.yottaa.net/v~4b.47/main/gfx-blkbullet.jpg?yocs=2m_2E_&amp;yoloc=us"" alt="""" align=""absmiddle"" data-yo-delaytype=""lazy"" data-yo-src=""https://cdn-us-ec.yottaa.net/56abbca0312e5815f5000542/e42d88e0d50401335179123dfe2baf36.yottaa.net/v~4b.47/main/gfx-blkbullet.jpg?yocs=2m_2E_&amp;yoloc=us"" data-yo-loaded=""true"" data-aesra-score=""imgTextAlternative:1;"" aria-hidden=""true"" />  Impresión directa Especificaciones:\n<img class=""ae-exclude"" src=""https://cdn-us-ec.yottaa.net/56abbca0312e5815f5000542/e42d88e0d50401335179123dfe2baf36.yottaa.net/v~4b.47/main/gfx-blkbullet.jpg?yocs=2m_2E_&amp;yoloc=us"" alt="""" align=""absmiddle"" data-yo-delaytype=""lazy"" data-yo-src=""https://cdn-us-ec.yottaa.net/56abbca0312e5815f5000542/e42d88e0d50401335179123dfe2baf36.yottaa.net/v~4b.47/main/gfx-blkbullet.jpg?yocs=2m_2E_&amp;yoloc=us"" data-yo-loaded=""true"" data-aesra-score=""imgTextAlternative:1;"" aria-hidden=""true"" />  Características de la impresora PictBridge : Impresión sin bordes\n<img class=""ae-exclude"" src=""https://cdn-us-ec.yottaa.net/56abbca0312e5815f5000542/e42d88e0d50401335179123dfe2baf36.yottaa.net/v~4b.47/main/gfx-blkbullet.jpg?yocs=2m_2E_&amp;yoloc=us"" alt="""" align=""absmiddle"" data-yo-delaytype=""lazy"" data-yo-src=""https://cdn-us-ec.yottaa.net/56abbca0312e5815f5000542/e42d88e0d50401335179123dfe2baf36.yottaa.net/v~4b.47/main/gfx-blkbullet.jpg?yocs=2m_2E_&amp;yoloc=us"" data-yo-loaded=""true"" data-aesra-score=""imgTextAlternative:1;"" aria-hidden=""true"" />  Manejo de medios: bandeja de entrada de 150 hojas, bandeja de CD / DVD",,,taxable,,1,,,0,0,2,10,10,15,1,,,228,Impresoras,,,http://edelosreyes.me/WordPress/wp-content/uploads/2017/01/50.jpg,,,,,,,,,53
839,simple,054,"Impresora multifunción multifunción HP Officejet Pro 8710",1,0,visible,,,,,taxable,,1,,,0,0,2,10,10,15,1,,,199,Impresoras,,,"http://edelosreyes.me/WordPress/wp-content/uploads/2017/01/52.3.jpg, http://edelosreyes.me/WordPress/wp-content/uploads/2017/01/52.3.jpg, http://edelosreyes.me/WordPress/wp-content/uploads/2017/01/51.1.jpg, http://edelosreyes.me/WordPress/wp-content/uploads/2017/01/51.2.jpg, http://edelosreyes.me/WordPress/wp-content/uploads/2017/01/51.4.jpg, http://edelosreyes.me/WordPress/wp-content/uploads/2017/01/52.2.jpg, http://edelosreyes.me/WordPress/wp-content/uploads/2017/01/52.3-1.jpg",,,,,,,,,54
845,simple,055,"Impresora multifunción HP OfficeJet Pro 7740",1,0,visible,,"<div class=""rightCol tabContent"">\n<div id=""WriteUp"">\n<div class=""leftCol shortDesc"">\n<ul>\n 	<li>Multifuncional le permite imprimir, copiar, escanear y enviar faxes desde una máquina, lo que resulta en rentabilidad</li>\n 	<li>Pantalla táctil de 2.65 ""; le brinda una fácil navegación</li>\n 	<li>Hasta 34 ppm; imprime muy rápido</li>\n 	<li>Resolución 1200 x 1200 ppp; da imágenes brillantes y nítidas</li>\n 	<li>Impresión dúplex automática; Le permite imprimir en ambos lados de la página</li>\n</ul>\n</div>\n</div>\n<div id=""ProductManuals""></div>\n</div>\n<div id=""ccs-inline-content"">\n<div id=""inline-b2a430"" class=""ccs-cc-inline ccs-cc-inline-hp ccs-cc-inline-custom ccs-cc-lang-enusa ccs-cc-block-inline""></div>\n</div>",,,taxable,,1,,,0,0,2,10,10,15,1,,,279,Impresoras,,,"http://edelosreyes.me/WordPress/wp-content/uploads/2017/01/52.jpg, http://edelosreyes.me/WordPress/wp-content/uploads/2017/01/52.4.jpg, http://edelosreyes.me/WordPress/wp-content/uploads/2017/01/52.3-2.jpg, http://edelosreyes.me/WordPress/wp-content/uploads/2017/01/52.2-1.jpg, http://edelosreyes.me/WordPress/wp-content/uploads/2017/01/52.1.jpg",,,,,,,,,55
851,simple,057,"Impresora multifunción láser monocromática inalámbrica Xerox WorkCentre 3215",1,0,visible,,"<ul>\n 	<li>Nítida calidad de imagen mejorada de 4800 x 600 ppp</li>\n 	<li>Incluye Ethernet, Wi-Fi y USB, lo que permite una conexión fácil para un usuario o todo el equipo de trabajo</li>\n 	<li>Velocidad de impresión de hasta 27 páginas / minuto y velocidad de copia de hasta 10 segundos</li>\n</ul>",,,taxable,,1,,,0,0,2,10,10,15,1,,,109,Impresoras,,,http://edelosreyes.me/WordPress/wp-content/uploads/2017/01/54.jpg,,,,,,,,,57
859,simple,056,"Impresora Todo-en-Uno HP Officejet 3830",1,0,visible,,"<div class=""rightCol tabContent"">\n<div id=""WriteUp"">\n<div class=""leftCol shortDesc"">\n<ul>\n 	<li>Multifuncional le permite imprimir, copiar, escanear y enviar faxes desde una máquina, lo que resulta en rentabilidad</li>\n 	<li>Impresora inalámbrica; No más cables colgantes para una perspectiva ordenada y organizada.</li>\n 	<li>USB 2.0 y WiFi; Opciones de conectividad fácil y múltiple</li>\n</ul>\n</div>\n</div>\n</div>",,,taxable,,1,,,0,0,2,10,10,15,1,,,99,Impresoras,,,"http://edelosreyes.me/WordPress/wp-content/uploads/2017/02/53.jpg, http://edelosreyes.me/WordPress/wp-content/uploads/2017/02/53.4.jpg, http://edelosreyes.me/WordPress/wp-content/uploads/2017/02/53.3.jpg, http://edelosreyes.me/WordPress/wp-content/uploads/2017/02/53.2.jpg, http://edelosreyes.me/WordPress/wp-content/uploads/2017/02/53.1.jpg",,,,,,,,,56
914,simple,058,"Brother MFC-L6800DW - Impresora multifunción - B / W",1,0,visible,,,,,taxable,,1,,,0,0,2,10,10,15,1,,,704,Impresoras,"Decorative, Plant",,"http://edelosreyes.me/WordPress/wp-content/uploads/2017/02/55-2.jpg, http://edelosreyes.me/WordPress/wp-content/uploads/2017/02/54.2.jpg, http://edelosreyes.me/WordPress/wp-content/uploads/2017/02/54.1.jpg",,,,,,,,,58
7503,simple,,"Paquete de licencia de cámara Synology",1,0,visible,,"<div class=""rightCol tabContent"">\n<div id=""WriteUp"">\n<div class=""leftCol shortDesc""><img class=""ae-exclude"" src=""https://cdn-us-ec.yottaa.net/56abbca0312e5815f5000542/e42d88e0d50401335179123dfe2baf36.yottaa.net/v~4b.47/main/gfx-blkbullet.jpg?yocs=2m_2E_&amp;yoloc=us"" alt="""" align=""absmiddle"" data-yo-delaytype=""lazy"" data-yo-src=""https://cdn-us-ec.yottaa.net/56abbca0312e5815f5000542/e42d88e0d50401335179123dfe2baf36.yottaa.net/v~4b.47/main/gfx-blkbullet.jpg?yocs=2m_2E_&amp;yoloc=us"" data-yo-loaded=""true"" data-aesra-score=""imgTextAlternative:1;"" aria-hidden=""true"" /><span>   Categoría: Aplicaciones de seguridad - video de vigilancia </span>\n<img class=""ae-exclude"" src=""https://cdn-us-ec.yottaa.net/56abbca0312e5815f5000542/e42d88e0d50401335179123dfe2baf36.yottaa.net/v~4b.47/main/gfx-blkbullet.jpg?yocs=2m_2E_&amp;yoloc=us"" alt="""" align=""absmiddle"" data-yo-delaytype=""lazy"" data-yo-src=""https://cdn-us-ec.yottaa.net/56abbca0312e5815f5000542/e42d88e0d50401335179123dfe2baf36.yottaa.net/v~4b.47/main/gfx-blkbullet.jpg?yocs=2m_2E_&amp;yoloc=us"" data-yo-loaded=""true"" data-aesra-score=""imgTextAlternative:1;"" aria-hidden=""true"" /><span>  Tipo de producto: Licencia </span>\n\n<span class=""font_size3bold""><span>Licencias</span></span>\n<img class=""ae-exclude"" src=""https://cdn-us-ec.yottaa.net/56abbca0312e5815f5000542/e42d88e0d50401335179123dfe2baf36.yottaa.net/v~4b.47/main/gfx-blkbullet.jpg?yocs=2m_2E_&amp;yoloc=us"" alt="""" align=""absmiddle"" data-yo-delaytype=""lazy"" data-yo-src=""https://cdn-us-ec.yottaa.net/56abbca0312e5815f5000542/e42d88e0d50401335179123dfe2baf36.yottaa.net/v~4b.47/main/gfx-blkbullet.jpg?yocs=2m_2E_&amp;yoloc=us"" data-yo-loaded=""true"" data-aesra-score=""imgTextAlternative:1;"" aria-hidden=""true"" /><span>   Tipo de licencia: 4 cámaras</span></div>\n</div>\n</div>\n<div id=""ccs-cnet-review""></div>\n<div id=""ccs-inline-content""></div>",,,taxable,,1,,,0,0,,,,,1,,,228,Software,,,http://edelosreyes.me/WordPress/wp-content/uploads/2019/03/88.jpg,,,,,,,,,0
7506,simple,,"Barracuda Advanced Threat Detection - Licencia de suscripción (1 día)",1,0,visible,,"<div class=""rightCol tabContent"">\n<div id=""WriteUp"">\n<div class=""leftCol shortDesc""><span class=""font_size3bold""><span>General</span></span>\n<img class=""ae-exclude"" src=""https://cdn-us-ec.yottaa.net/56abbca0312e5815f5000542/e42d88e0d50401335179123dfe2baf36.yottaa.net/v~4b.47/main/gfx-blkbullet.jpg?yocs=2m_2E_&amp;yoloc=us"" alt="""" align=""absmiddle"" data-yo-delaytype=""lazy"" data-yo-src=""https://cdn-us-ec.yottaa.net/56abbca0312e5815f5000542/e42d88e0d50401335179123dfe2baf36.yottaa.net/v~4b.47/main/gfx-blkbullet.jpg?yocs=2m_2E_&amp;yoloc=us"" data-yo-loaded=""true"" data-aesra-score=""imgTextAlternative:1;"" aria-hidden=""true"" /><span>   Categoría: En línea y servicios basados aparato - software del dispositivo de detección de amenazas, avanzada </span>\n<img class=""ae-exclude"" src=""https://cdn-us-ec.yottaa.net/56abbca0312e5815f5000542/e42d88e0d50401335179123dfe2baf36.yottaa.net/v~4b.47/main/gfx-blkbullet.jpg?yocs=2m_2E_&amp;yoloc=us"" alt="""" align=""absmiddle"" data-yo-delaytype=""lazy"" data-yo-src=""https://cdn-us-ec.yottaa.net/56abbca0312e5815f5000542/e42d88e0d50401335179123dfe2baf36.yottaa.net/v~4b.47/main/gfx-blkbullet.jpg?yocs=2m_2E_&amp;yoloc=us"" data-yo-loaded=""true"" data-aesra-score=""imgTextAlternative:1;"" aria-hidden=""true"" /><span>  Tipo de producto: Licencia de suscripción - 1 día </span>\n\n<span class=""font_size3bold""><span>Licencias</span></span>\n<img class=""ae-exclude"" src=""https://cdn-us-ec.yottaa.net/56abbca0312e5815f5000542/e42d88e0d50401335179123dfe2baf36.yottaa.net/v~4b.47/main/gfx-blkbullet.jpg?yocs=2m_2E_&amp;yoloc=us"" alt="""" align=""absmiddle"" data-yo-delaytype=""lazy"" data-yo-src=""https://cdn-us-ec.yottaa.net/56abbca0312e5815f5000542/e42d88e0d50401335179123dfe2baf36.yottaa.net/v~4b.47/main/gfx-blkbullet.jpg?yocs=2m_2E_&amp;yoloc=us"" data-yo-loaded=""true"" data-aesra-score=""imgTextAlternative:1;"" aria-hidden=""true"" /><span>   Tipo de licencia: 1 licencia </span>\n\n<span class=""font_size3bold""><span>Información de compatibilidad</span></span>\n<img class=""ae-exclude"" src=""https://cdn-us-ec.yottaa.net/56abbca0312e5815f5000542/e42d88e0d50401335179123dfe2baf36.yottaa.net/v~4b.47/main/gfx-blkbullet.jpg?yocs=2m_2E_&amp;yoloc=us"" alt="""" align=""absmiddle"" data-yo-delaytype=""lazy"" data-yo-src=""https://cdn-us-ec.yottaa.net/56abbca0312e5815f5000542/e42d88e0d50401335179123dfe2baf36.yottaa.net/v~4b.47/main/gfx-blkbullet.jpg?yocs=2m_2E_&amp;yoloc=us"" data-yo-loaded=""true"" data-aesra-score=""imgTextAlternative:1;"" aria-hidden=""true"" /><span>   Diseñado para: P / N: BFWX51A</span></div>\n</div>\n</div>\n<div id=""ccs-cnet-review""></div>\n<div id=""ccs-inline-content""></div>",,,taxable,,1,,,0,0,,,,,1,,,.58,Software,,,http://edelosreyes.me/WordPress/wp-content/uploads/2019/03/89.jpg,,,,,,,,,0
7509,simple,,"Symantec Data Loss Prevention for Mobile - (v. 14.6) - licencia de suscripción (1 mes) + 1 mes de soporte esencial",1,0,visible,,"<span class=""font_size3bold""><span>General</span></span>\n<img class=""ae-exclude"" src=""https://cdn-us-ec.yottaa.net/56abbca0312e5815f5000542/e42d88e0d50401335179123dfe2baf36.yottaa.net/v~4b.47/main/gfx-blkbullet.jpg?yocs=2m_2E_&amp;yoloc=us"" alt="""" align=""absmiddle"" data-yo-delaytype=""lazy"" data-yo-src=""https://cdn-us-ec.yottaa.net/56abbca0312e5815f5000542/e42d88e0d50401335179123dfe2baf36.yottaa.net/v~4b.47/main/gfx-blkbullet.jpg?yocs=2m_2E_&amp;yoloc=us"" data-yo-loaded=""true"" data-aesra-score=""imgTextAlternative:1;"" aria-hidden=""true"" /><span>   Categoría: Aplicaciones de Seguridad - confidenciales de control de datos </span>\n<img class=""ae-exclude"" src=""https://cdn-us-ec.yottaa.net/56abbca0312e5815f5000542/e42d88e0d50401335179123dfe2baf36.yottaa.net/v~4b.47/main/gfx-blkbullet.jpg?yocs=2m_2E_&amp;yoloc=us"" alt="""" align=""absmiddle"" data-yo-delaytype=""lazy"" data-yo-src=""https://cdn-us-ec.yottaa.net/56abbca0312e5815f5000542/e42d88e0d50401335179123dfe2baf36.yottaa.net/v~4b.47/main/gfx-blkbullet.jpg?yocs=2m_2E_&amp;yoloc=us"" data-yo-loaded=""true"" data-aesra-score=""imgTextAlternative:1;"" aria-hidden=""true"" /><span>  Tipo de producto: Licencia de suscripción - 1 mes </span>\n<img class=""ae-exclude"" src=""https://cdn-us-ec.yottaa.net/56abbca0312e5815f5000542/e42d88e0d50401335179123dfe2baf36.yottaa.net/v~4b.47/main/gfx-blkbullet.jpg?yocs=2m_2E_&amp;yoloc=us"" alt="""" align=""absmiddle"" data-yo-delaytype=""lazy"" data-yo-src=""https://cdn-us-ec.yottaa.net/56abbca0312e5815f5000542/e42d88e0d50401335179123dfe2baf36.yottaa.net/v~4b.47/main/gfx-blkbullet.jpg?yocs=2m_2E_&amp;yoloc=us"" data-yo-loaded=""true"" data-aesra-score=""imgTextAlternative:1;"" aria-hidden=""true"" /><span>  Versión: 14.6 </span>\n<img class=""ae-exclude"" src=""https://cdn-us-ec.yottaa.net/56abbca0312e5815f5000542/e42d88e0d50401335179123dfe2baf36.yottaa.net/v~4b.47/main/gfx-blkbullet.jpg?yocs=2m_2E_&amp;yoloc=us"" alt="""" align=""absmiddle"" data-yo-delaytype=""lazy"" data-yo-src=""https://cdn-us-ec.yottaa.net/56abbca0312e5815f5000542/e42d88e0d50401335179123dfe2baf36.yottaa.net/v~4b.47/main/gfx-blkbullet.jpg?yocs=2m_2E_&amp;yoloc=us"" data-yo-loaded=""true"" data-aesra-score=""imgTextAlternative:1;"" aria-hidden=""true"" /><span>  Plataforma: Linux, Windows </span>\n<img class=""ae-exclude"" src=""https://cdn-us-ec.yottaa.net/56abbca0312e5815f5000542/e42d88e0d50401335179123dfe2baf36.yottaa.net/v~4b.47/main/gfx-blkbullet.jpg?yocs=2m_2E_&amp;yoloc=us"" alt="""" align=""absmiddle"" data-yo-delaytype=""lazy"" data-yo-src=""https://cdn-us-ec.yottaa.net/56abbca0312e5815f5000542/e42d88e0d50401335179123dfe2baf36.yottaa.net/v~4b.47/main/gfx-blkbullet.jpg?yocs=2m_2E_&amp;yoloc=us"" data-yo-loaded=""true"" data-aesra-score=""imgTextAlternative:1;"" aria-hidden=""true"" /><span>  Soporte incluido: 1 Mes Essential Support </span>\n\n<span class=""font_size3bold""><span>Licencias</span></span>\n<img class=""ae-exclude"" src=""https://cdn-us-ec.yottaa.net/56abbca0312e5815f5000542/e42d88e0d50401335179123dfe2baf36.yottaa.net/v~4b.47/main/gfx-blkbullet.jpg?yocs=2m_2E_&amp;yoloc=us"" alt="""" align=""absmiddle"" data-yo-delaytype=""lazy"" data-yo-src=""https://cdn-us-ec.yottaa.net/56abbca0312e5815f5000542/e42d88e0d50401335179123dfe2baf36.yottaa.net/v~4b.47/main/gfx-blkbullet.jpg?yocs=2m_2E_&amp;yoloc=us"" data-yo-loaded=""true"" data-aesra-score=""imgTextAlternative:1;"" aria-hidden=""true"" /><span>   Tipo de licencia: 1 dispositivo gestionado </span>\n<img class=""ae-exclude"" src=""https://cdn-us-ec.yottaa.net/56abbca0312e5815f5000542/e42d88e0d50401335179123dfe2baf36.yottaa.net/v~4b.47/main/gfx-blkbullet.jpg?yocs=2m_2E_&amp;yoloc=us"" alt="""" align=""absmiddle"" data-yo-delaytype=""lazy"" data-yo-src=""https://cdn-us-ec.yottaa.net/56abbca0312e5815f5000542/e42d88e0d50401335179123dfe2baf36.yottaa.net/v~4b.47/main/gfx-blkbullet.jpg?yocs=2m_2E_&amp;yoloc=us"" data-yo-loaded=""true"" data-aesra-score=""imgTextAlternative:1;"" aria-hidden=""true"" /><span>  Un volumen / nivel: Precio licencia </span>\n<img class=""ae-exclude"" src=""https://cdn-us-ec.yottaa.net/56abbca0312e5815f5000542/e42d88e0d50401335179123dfe2baf36.yottaa.net/v~4b.47/main/gfx-blkbullet.jpg?yocs=2m_2E_&amp;yoloc=us"" alt="""" align=""absmiddle"" data-yo-delaytype=""lazy"" data-yo-src=""https://cdn-us-ec.yottaa.net/56abbca0312e5815f5000542/e42d88e0d50401335179123dfe2baf36.yottaa.net/v~4b.47/main/gfx-blkbullet.jpg?yocs=2m_2E_&amp;yoloc=us"" data-yo-loaded=""true"" data-aesra-score=""imgTextAlternative:1;"" aria-hidden=""true"" /><span>  del programa de licenciamiento: Symantec Programas de compra: Enterprise Service Provider (ExSP)   Tipo de </span>\n\n<span class=""font_size3bold""><span>servicio y asistencia</span></span>\n<img class=""ae-exclude"" src=""https://cdn-us-ec.yottaa.net/56abbca0312e5815f5000542/e42d88e0d50401335179123dfe2baf36.yottaa.net/v~4b.47/main/gfx-blkbullet.jpg?yocs=2m_2E_&amp;yoloc=us"" alt="""" align=""absmiddle"" data-yo-delaytype=""lazy"" data-yo-src=""https://cdn-us-ec.yottaa.net/56abbca0312e5815f5000542/e42d88e0d50401335179123dfe2baf36.yottaa.net/v~4b.47/main/gfx-blkbullet.jpg?yocs=2m_2E_&amp;yoloc=us"" data-yo-loaded=""true"" data-aesra-score=""imgTextAlternative:1;"" aria-hidden=""true"" /><span> : Asesoramiento telefónico - 1 mes - tiempo de respuesta: 30 min - disponibilidad: 24 horas al día / lunes a domingo - 6 contactos nombrados ¦ Actualización de nuevas versiones - 1 mes - disponibilidad: 24 horas al día / lunes a domingo ¦ Notificación de alerta de seguridad - 1 mes consulting Asesoría por correo electrónico - 1 mes</span>",,,taxable,,1,,,0,0,,,,,1,,,.99,Software,,,http://edelosreyes.me/WordPress/wp-content/uploads/2019/03/90.jpg,,,,,,,,,0
7512,simple,,"Microsoft MOBILE SNGL NL 1MTH AP TRUCKRTNGNA (V7U-00112)",1,0,visible,,"<span class=""font_size3bold""><span>General</span></span>\n<img class=""ae-exclude"" src=""https://cdn-us-ec.yottaa.net/56abbca0312e5815f5000542/e42d88e0d50401335179123dfe2baf36.yottaa.net/v~4b.47/main/gfx-blkbullet.jpg?yocs=2m_2E_&amp;yoloc=us"" alt="""" align=""absmiddle"" data-yo-delaytype=""lazy"" data-yo-src=""https://cdn-us-ec.yottaa.net/56abbca0312e5815f5000542/e42d88e0d50401335179123dfe2baf36.yottaa.net/v~4b.47/main/gfx-blkbullet.jpg?yocs=2m_2E_&amp;yoloc=us"" data-yo-loaded=""true"" data-aesra-score=""imgTextAlternative:1;"" aria-hidden=""true"" /><span>   Categoría: Servicios en línea y basados en dispositivos - monitorización remota y gestión </span>\n<img class=""ae-exclude"" src=""https://cdn-us-ec.yottaa.net/56abbca0312e5815f5000542/e42d88e0d50401335179123dfe2baf36.yottaa.net/v~4b.47/main/gfx-blkbullet.jpg?yocs=2m_2E_&amp;yoloc=us"" alt="""" align=""absmiddle"" data-yo-delaytype=""lazy"" data-yo-src=""https://cdn-us-ec.yottaa.net/56abbca0312e5815f5000542/e42d88e0d50401335179123dfe2baf36.yottaa.net/v~4b.47/main/gfx-blkbullet.jpg?yocs=2m_2E_&amp;yoloc=us"" data-yo-loaded=""true"" data-aesra-score=""imgTextAlternative:1;"" aria-hidden=""true"" /><span>  Tipo de producto: Licencia de suscripción - 1 mes </span>\n<img class=""ae-exclude"" src=""https://cdn-us-ec.yottaa.net/56abbca0312e5815f5000542/e42d88e0d50401335179123dfe2baf36.yottaa.net/v~4b.47/main/gfx-blkbullet.jpg?yocs=2m_2E_&amp;yoloc=us"" alt="""" align=""absmiddle"" data-yo-delaytype=""lazy"" data-yo-src=""https://cdn-us-ec.yottaa.net/56abbca0312e5815f5000542/e42d88e0d50401335179123dfe2baf36.yottaa.net/v~4b.47/main/gfx-blkbullet.jpg?yocs=2m_2E_&amp;yoloc=us"" data-yo-loaded=""true"" data-aesra-score=""imgTextAlternative:1;"" aria-hidden=""true"" /><span>  Idioma: Individual Idioma </span>\n<img class=""ae-exclude"" src=""https://cdn-us-ec.yottaa.net/56abbca0312e5815f5000542/e42d88e0d50401335179123dfe2baf36.yottaa.net/v~4b.47/main/gfx-blkbullet.jpg?yocs=2m_2E_&amp;yoloc=us"" alt="""" align=""absmiddle"" data-yo-delaytype=""lazy"" data-yo-src=""https://cdn-us-ec.yottaa.net/56abbca0312e5815f5000542/e42d88e0d50401335179123dfe2baf36.yottaa.net/v~4b.47/main/gfx-blkbullet.jpg?yocs=2m_2E_&amp;yoloc=us"" data-yo-loaded=""true"" data-aesra-score=""imgTextAlternative:1;"" aria-hidden=""true"" /><span>  Localización: América del Norte </span>\n\n<span class=""font_size3bold""><span>Licencias</span></span>\n<img class=""ae-exclude"" src=""https://cdn-us-ec.yottaa.net/56abbca0312e5815f5000542/e42d88e0d50401335179123dfe2baf36.yottaa.net/v~4b.47/main/gfx-blkbullet.jpg?yocs=2m_2E_&amp;yoloc=us"" alt="""" align=""absmiddle"" data-yo-delaytype=""lazy"" data-yo-src=""https://cdn-us-ec.yottaa.net/56abbca0312e5815f5000542/e42d88e0d50401335179123dfe2baf36.yottaa.net/v~4b.47/main/gfx-blkbullet.jpg?yocs=2m_2E_&amp;yoloc=us"" data-yo-loaded=""true"" data-aesra-score=""imgTextAlternative:1;"" aria-hidden=""true"" /><span>   Tipo de licencia: 1 activo </span>\n<img class=""ae-exclude"" src=""https://cdn-us-ec.yottaa.net/56abbca0312e5815f5000542/e42d88e0d50401335179123dfe2baf36.yottaa.net/v~4b.47/main/gfx-blkbullet.jpg?yocs=2m_2E_&amp;yoloc=us"" alt="""" align=""absmiddle"" data-yo-delaytype=""lazy"" data-yo-src=""https://cdn-us-ec.yottaa.net/56abbca0312e5815f5000542/e42d88e0d50401335179123dfe2baf36.yottaa.net/v~4b.47/main/gfx-blkbullet.jpg?yocs=2m_2E_&amp;yoloc=us"" data-yo-loaded=""true"" data-aesra-score=""imgTextAlternative:1;"" aria-hidden=""true"" /><span>  Precio licencia Volumen </span>\n<img class=""ae-exclude"" src=""https://cdn-us-ec.yottaa.net/56abbca0312e5815f5000542/e42d88e0d50401335179123dfe2baf36.yottaa.net/v~4b.47/main/gfx-blkbullet.jpg?yocs=2m_2E_&amp;yoloc=us"" alt="""" align=""absmiddle"" data-yo-delaytype=""lazy"" data-yo-src=""https://cdn-us-ec.yottaa.net/56abbca0312e5815f5000542/e42d88e0d50401335179123dfe2baf36.yottaa.net/v~4b.47/main/gfx-blkbullet.jpg?yocs=2m_2E_&amp;yoloc=us"" data-yo-loaded=""true"" data-aesra-score=""imgTextAlternative:1;"" aria-hidden=""true"" /><span>  Programa de licencias: Microsoft Open Value Subscription </span>\n<img class=""ae-exclude"" src=""https://cdn-us-ec.yottaa.net/56abbca0312e5815f5000542/e42d88e0d50401335179123dfe2baf36.yottaa.net/v~4b.47/main/gfx-blkbullet.jpg?yocs=2m_2E_&amp;yoloc=us"" alt="""" align=""absmiddle"" data-yo-delaytype=""lazy"" data-yo-src=""https://cdn-us-ec.yottaa.net/56abbca0312e5815f5000542/e42d88e0d50401335179123dfe2baf36.yottaa.net/v~4b.47/main/gfx-blkbullet.jpg?yocs=2m_2E_&amp;yoloc=us"" data-yo-loaded=""true"" data-aesra-score=""imgTextAlternative:1;"" aria-hidden=""true"" /><span>  Detalles: producto adicional</span>",,,taxable,,1,,,0,0,,,,,1,,,.99,Software,,,http://edelosreyes.me/WordPress/wp-content/uploads/2019/03/91.jpg,,,,,,,,,0
7515,simple,,"Software del sistema operativo Microsoft Windows 10 Pro de 64 bits",1,0,visible,,"<ul>\n 	<li><span>Únase a su dominio: puede conectarse a su dominio empresarial o escolar o al Directorio Activo de Azure para usar archivos de red, servidores, impresoras y más.</span></li>\n 	<li><span>Cifrado mejorado: obtenga seguridad adicional con BitLocker para ayudar a proteger sus datos con el cifrado y la administración de seguridad.</span></li>\n 	<li><span>Inicio de sesión remoto: Windows 10 le permite iniciar sesión con Remote Desktop para iniciar sesión y usar su Pro PC mientras está en casa o en la carretera.</span></li>\n 	<li><span>Máquinas virtuales: cree y ejecute máquinas virtuales con Hyper-V para poder ejecutar más de un sistema operativo al mismo tiempo en la misma PC.</span></li>\n 	<li><span>Sus aplicaciones en la Tienda: Windows 10 le permite crear su propia sección de aplicaciones privadas en la Tienda Windows para un acceso conveniente a las aplicaciones de la empresa.</span></li>\n</ul>\n<b><span>Requisitos del sistema de Windows 10:</span></b>\n<ul>\n 	<li><span>Procesador: 1 gigahertz (GHz) o procesador más rápido o SoC</span></li>\n 	<li><span>RAM: 1 gigabyte (GB) para 32 bits o 2 GB para 64 bits</span></li>\n 	<li><span>Espacio en el disco duro: 16 GB para el sistema operativo de 32 bits 20 GB para el sistema operativo de 64 bits</span></li>\n 	<li><span>Tarjeta gráfica: DirectX 9 o posterior con controlador WDDM 1.0</span></li>\n 	<li><span>Pantalla: 800x600</span></li>\n</ul>",,,taxable,,1,,,0,0,,,,,1,,,158,Software,,,http://edelosreyes.me/WordPress/wp-content/uploads/2019/03/91-1.jpg,,,,,,,,,0
7518,simple,,"Cantidad: 1 AÑADIR A LA CESTA Guardar en lista de deseos RED HAT INC GLUSTER STAGE (MES COMPARTIDO P-RUSED DE 100GB) (RS00098MO)",1,0,visible,,"<div class=""rightCol tabContent"">\n<div id=""WriteUp"">\n<div class=""leftCol shortDesc""><span class=""font_size3bold""><span>General</span></span>\n<img class=""ae-exclude"" src=""https://cdn-us-ec.yottaa.net/56abbca0312e5815f5000542/e42d88e0d50401335179123dfe2baf36.yottaa.net/v~4b.47/main/gfx-blkbullet.jpg?yocs=2m_2E_&amp;yoloc=us"" alt="""" align=""absmiddle"" data-yo-delaytype=""lazy"" data-yo-src=""https://cdn-us-ec.yottaa.net/56abbca0312e5815f5000542/e42d88e0d50401335179123dfe2baf36.yottaa.net/v~4b.47/main/gfx-blkbullet.jpg?yocs=2m_2E_&amp;yoloc=us"" data-yo-loaded=""true"" data-aesra-score=""imgTextAlternative:1;"" aria-hidden=""true"" /><span>   Categoría: Aplicaciones de red - gestión de almacenamiento </span>\n<img class=""ae-exclude"" src=""https://cdn-us-ec.yottaa.net/56abbca0312e5815f5000542/e42d88e0d50401335179123dfe2baf36.yottaa.net/v~4b.47/main/gfx-blkbullet.jpg?yocs=2m_2E_&amp;yoloc=us"" alt="""" align=""absmiddle"" data-yo-delaytype=""lazy"" data-yo-src=""https://cdn-us-ec.yottaa.net/56abbca0312e5815f5000542/e42d88e0d50401335179123dfe2baf36.yottaa.net/v~4b.47/main/gfx-blkbullet.jpg?yocs=2m_2E_&amp;yoloc=us"" data-yo-loaded=""true"" data-aesra-score=""imgTextAlternative:1;"" aria-hidden=""true"" /><span>  Tipo de producto: Suscripción - 1 mes </span>\n<img class=""ae-exclude"" src=""https://cdn-us-ec.yottaa.net/56abbca0312e5815f5000542/e42d88e0d50401335179123dfe2baf36.yottaa.net/v~4b.47/main/gfx-blkbullet.jpg?yocs=2m_2E_&amp;yoloc=us"" alt="""" align=""absmiddle"" data-yo-delaytype=""lazy"" data-yo-src=""https://cdn-us-ec.yottaa.net/56abbca0312e5815f5000542/e42d88e0d50401335179123dfe2baf36.yottaa.net/v~4b.47/main/gfx-blkbullet.jpg?yocs=2m_2E_&amp;yoloc=us"" data-yo-loaded=""true"" data-aesra-score=""imgTextAlternative:1;"" aria-hidden=""true"" /><span>  Plataforma: Linux </span>\n<img class=""ae-exclude"" src=""https://cdn-us-ec.yottaa.net/56abbca0312e5815f5000542/e42d88e0d50401335179123dfe2baf36.yottaa.net/v~4b.47/main/gfx-blkbullet.jpg?yocs=2m_2E_&amp;yoloc=us"" alt="""" align=""absmiddle"" data-yo-delaytype=""lazy"" data-yo-src=""https://cdn-us-ec.yottaa.net/56abbca0312e5815f5000542/e42d88e0d50401335179123dfe2baf36.yottaa.net/v~4b.47/main/gfx-blkbullet.jpg?yocs=2m_2E_&amp;yoloc=us"" data-yo-loaded=""true"" data-aesra-score=""imgTextAlternative:1;"" aria-hidden=""true"" /><span>  Soporte incluido: 1 Mes Apoyo Socio de diagnóstico </span>\n\n<span class=""font_size3bold""><span>Licencias</span></span>\n<img class=""ae-exclude"" src=""https://cdn-us-ec.yottaa.net/56abbca0312e5815f5000542/e42d88e0d50401335179123dfe2baf36.yottaa.net/v~4b.47/main/gfx-blkbullet.jpg?yocs=2m_2E_&amp;yoloc=us"" alt="""" align=""absmiddle"" data-yo-delaytype=""lazy"" data-yo-src=""https://cdn-us-ec.yottaa.net/56abbca0312e5815f5000542/e42d88e0d50401335179123dfe2baf36.yottaa.net/v~4b.47/main/gfx-blkbullet.jpg?yocs=2m_2E_&amp;yoloc=us"" data-yo-loaded=""true"" data-aesra-score=""imgTextAlternative:1;"" aria-hidden=""true"" /><span>   Tipo de licencia: 100 GB de capacidad </span>\n<img class=""ae-exclude"" src=""https://cdn-us-ec.yottaa.net/56abbca0312e5815f5000542/e42d88e0d50401335179123dfe2baf36.yottaa.net/v~4b.47/main/gfx-blkbullet.jpg?yocs=2m_2E_&amp;yoloc=us"" alt="""" align=""absmiddle"" data-yo-delaytype=""lazy"" data-yo-src=""https://cdn-us-ec.yottaa.net/56abbca0312e5815f5000542/e42d88e0d50401335179123dfe2baf36.yottaa.net/v~4b.47/main/gfx-blkbullet.jpg?yocs=2m_2E_&amp;yoloc=us"" data-yo-loaded=""true"" data-aesra-score=""imgTextAlternative:1;"" aria-hidden=""true"" /><span>  del programa de licenciamiento: Red Hat Certified Cloud y Service Provider (CCSP) </span>\n<img class=""ae-exclude"" src=""https://cdn-us-ec.yottaa.net/56abbca0312e5815f5000542/e42d88e0d50401335179123dfe2baf36.yottaa.net/v~4b.47/main/gfx-blkbullet.jpg?yocs=2m_2E_&amp;yoloc=us"" alt="""" align=""absmiddle"" data-yo-delaytype=""lazy"" data-yo-src=""https://cdn-us-ec.yottaa.net/56abbca0312e5815f5000542/e42d88e0d50401335179123dfe2baf36.yottaa.net/v~4b.47/main/gfx-blkbullet.jpg?yocs=2m_2E_&amp;yoloc=us"" data-yo-loaded=""true"" data-aesra-score=""imgTextAlternative:1;"" aria-hidden=""true"" /><span>  Detalles: multitenant</span></div>\n</div>\n</div>\n<div id=""ccs-cnet-review""></div>\n<div id=""ccs-inline-content""></div>",,,taxable,,1,,,0,0,,,,,1,,,.99,Software,,,http://edelosreyes.me/WordPress/wp-content/uploads/2019/03/93.jpg,,,,,,,,,0
7521,simple,,"Licencia de uso de HPE MS WS16 CAL 1DEV EN / FR / ES / XC (871176-DN1)",1,0,visible,,,,,taxable,,1,,,0,0,,,,,1,,,36,Software,,,http://edelosreyes.me/WordPress/wp-content/uploads/2019/03/94.jpg,,,,,,,,,0
7524,simple,,"Barracuda Networks BACKUP 190 REPLICACIÓN VX RECEPTOR 1 DA (BBS190A-X0)",1,0,visible,,"<span>Categoría <span class=""font_size3bold"">general</span> : aplicaciones de red </span>\n\n<span class=""font_size3bold""><span>Información de compatibilidad</span></span>\n<img class=""ae-exclude"" src=""https://cdn-us-ec.yottaa.net/56abbca0312e5815f5000542/e42d88e0d50401335179123dfe2baf36.yottaa.net/v~4b.47/main/gfx-blkbullet.jpg?yocs=2m_2E_&amp;yoloc=us"" alt="""" align=""absmiddle"" data-yo-delaytype=""lazy"" data-yo-src=""https://cdn-us-ec.yottaa.net/56abbca0312e5815f5000542/e42d88e0d50401335179123dfe2baf36.yottaa.net/v~4b.47/main/gfx-blkbullet.jpg?yocs=2m_2E_&amp;yoloc=us"" data-yo-loaded=""true"" data-aesra-score=""imgTextAlternative:1;"" aria-hidden=""true"" /><span>   Diseñado para: P / N: BBS190A</span>",,,taxable,,1,,,0,0,,,,,1,,,.58,Software,,,http://edelosreyes.me/WordPress/wp-content/uploads/2019/03/95.jpg,,,,,,,,,0
7527,simple,,"Cantidad: 1 AÑADIR A LA CESTA Guardar en lista de deseos Microsoft Office Home and Business 2019 - Aplicaciones / Suite de Office",1,0,visible,,"<ul>\n 	<li><span>Compra única para 1 PC o Mac</span></li>\n 	<li><span>Versiones 2019 clásicas de Word, Excel, PowerPoint, OneNote y Outlook</span></li>\n 	<li><span>Licencia para uso doméstico y comercial.</span></li>\n</ul>",,,taxable,,1,,,0,0,,,,,1,,,229,Software,,,"http://edelosreyes.me/WordPress/wp-content/uploads/2019/03/96.jpg, http://edelosreyes.me/WordPress/wp-content/uploads/2019/03/96.1.jpg, http://edelosreyes.me/WordPress/wp-content/uploads/2019/03/96.6.jpg, http://edelosreyes.me/WordPress/wp-content/uploads/2019/03/96.5.jpg, http://edelosreyes.me/WordPress/wp-content/uploads/2019/03/96.4.jpg, http://edelosreyes.me/WordPress/wp-content/uploads/2019/03/96.3.jpg, http://edelosreyes.me/WordPress/wp-content/uploads/2019/03/96.2.jpg",,,,,,,,,0
7536,simple,,"Polycom Unified Communication - Licencia - 1 unidad",1,0,visible,,"<span class=""font_size3bold""><span>General</span></span>\n<img class=""ae-exclude"" src=""https://cdn-us-ec.yottaa.net/56abbca0312e5815f5000542/e42d88e0d50401335179123dfe2baf36.yottaa.net/v~4b.47/main/gfx-blkbullet.jpg?yocs=2m_2E_&amp;yoloc=us"" alt="""" align=""absmiddle"" data-yo-delaytype=""lazy"" data-yo-src=""https://cdn-us-ec.yottaa.net/56abbca0312e5815f5000542/e42d88e0d50401335179123dfe2baf36.yottaa.net/v~4b.47/main/gfx-blkbullet.jpg?yocs=2m_2E_&amp;yoloc=us"" data-yo-loaded=""true"" data-aesra-score=""imgTextAlternative:1;"" aria-hidden=""true"" /><span>   Categoría: Internet y comunicaciones aplicaciones de telefonía IP - </span>\n<img class=""ae-exclude"" src=""https://cdn-us-ec.yottaa.net/56abbca0312e5815f5000542/e42d88e0d50401335179123dfe2baf36.yottaa.net/v~4b.47/main/gfx-blkbullet.jpg?yocs=2m_2E_&amp;yoloc=us"" alt="""" align=""absmiddle"" data-yo-delaytype=""lazy"" data-yo-src=""https://cdn-us-ec.yottaa.net/56abbca0312e5815f5000542/e42d88e0d50401335179123dfe2baf36.yottaa.net/v~4b.47/main/gfx-blkbullet.jpg?yocs=2m_2E_&amp;yoloc=us"" data-yo-loaded=""true"" data-aesra-score=""imgTextAlternative:1;"" aria-hidden=""true"" /><span>  Tipo de producto: Licencia </span>\n\n<span class=""font_size3bold""><span>Licencias</span></span>\n<img class=""ae-exclude"" src=""https://cdn-us-ec.yottaa.net/56abbca0312e5815f5000542/e42d88e0d50401335179123dfe2baf36.yottaa.net/v~4b.47/main/gfx-blkbullet.jpg?yocs=2m_2E_&amp;yoloc=us"" alt="""" align=""absmiddle"" data-yo-delaytype=""lazy"" data-yo-src=""https://cdn-us-ec.yottaa.net/56abbca0312e5815f5000542/e42d88e0d50401335179123dfe2baf36.yottaa.net/v~4b.47/main/gfx-blkbullet.jpg?yocs=2m_2E_&amp;yoloc=us"" data-yo-loaded=""true"" data-aesra-score=""imgTextAlternative:1;"" aria-hidden=""true"" /><span>   Tipo de licencia: 1 unidad</span>",,,taxable,,1,,,0,0,,,,,1,,,3,Software,,,http://edelosreyes.me/WordPress/wp-content/uploads/2019/03/97.jpg,,,,,,,,,0
7539,simple,,"LANDesk Asset Central - Mantenimiento - 1 nodo",1,0,visible,,"<span> Categoría <span class=""font_size3bold"">general</span> : Aplicaciones empresariales - sistemas de inventario </span>\n<img class=""ae-exclude"" src=""https://cdn-us-ec.yottaa.net/56abbca0312e5815f5000542/e42d88e0d50401335179123dfe2baf36.yottaa.net/v~4b.47/main/gfx-blkbullet.jpg?yocs=2m_2E_&amp;yoloc=us"" alt="""" align=""absmiddle"" data-yo-delaytype=""lazy"" data-yo-src=""https://cdn-us-ec.yottaa.net/56abbca0312e5815f5000542/e42d88e0d50401335179123dfe2baf36.yottaa.net/v~4b.47/main/gfx-blkbullet.jpg?yocs=2m_2E_&amp;yoloc=us"" data-yo-loaded=""true"" data-aesra-score=""imgTextAlternative:1;"" aria-hidden=""true"" /><span>  Tipo de producto: </span>\n\n<span class=""font_size3bold""><span>Licencia de</span></span><span> mantenimiento </span>\n<img class=""ae-exclude"" src=""https://cdn-us-ec.yottaa.net/56abbca0312e5815f5000542/e42d88e0d50401335179123dfe2baf36.yottaa.net/v~4b.47/main/gfx-blkbullet.jpg?yocs=2m_2E_&amp;yoloc=us"" alt="""" align=""absmiddle"" data-yo-delaytype=""lazy"" data-yo-src=""https://cdn-us-ec.yottaa.net/56abbca0312e5815f5000542/e42d88e0d50401335179123dfe2baf36.yottaa.net/v~4b.47/main/gfx-blkbullet.jpg?yocs=2m_2E_&amp;yoloc=us"" data-yo-loaded=""true"" data-aesra-score=""imgTextAlternative:1;"" aria-hidden=""true"" /><span>  Tipo de licencia: 1 nodo Tipo de </span>\n\n<span class=""font_size3bold""><span>servicio y soporte</span></span>\n<img class=""ae-exclude"" src=""https://cdn-us-ec.yottaa.net/56abbca0312e5815f5000542/e42d88e0d50401335179123dfe2baf36.yottaa.net/v~4b.47/main/gfx-blkbullet.jpg?yocs=2m_2E_&amp;yoloc=us"" alt="""" align=""absmiddle"" data-yo-delaytype=""lazy"" data-yo-src=""https://cdn-us-ec.yottaa.net/56abbca0312e5815f5000542/e42d88e0d50401335179123dfe2baf36.yottaa.net/v~4b.47/main/gfx-blkbullet.jpg?yocs=2m_2E_&amp;yoloc=us"" data-yo-loaded=""true"" data-aesra-score=""imgTextAlternative:1;"" aria-hidden=""true"" /><span>   : Actualización de nuevas versiones</span>",,,taxable,,1,,,0,0,,,,,1,,,4,Software,,,http://edelosreyes.me/WordPress/wp-content/uploads/2019/03/98.jpg,,,,,,,,,0
7542,simple,,"Quickstart Business Card Maker Pro - Paquete de cajas - 1 usuario",1,0,visible,,"<span class=""font_size3bold""><span>General</span></span>\n<img class=""ae-exclude"" src=""https://cdn-us-ec.yottaa.net/56abbca0312e5815f5000542/e42d88e0d50401335179123dfe2baf36.yottaa.net/v~4b.47/main/gfx-blkbullet.jpg?yocs=2m_2E_&amp;yoloc=us"" alt="""" align=""absmiddle"" data-yo-delaytype=""lazy"" data-yo-src=""https://cdn-us-ec.yottaa.net/56abbca0312e5815f5000542/e42d88e0d50401335179123dfe2baf36.yottaa.net/v~4b.47/main/gfx-blkbullet.jpg?yocs=2m_2E_&amp;yoloc=us"" data-yo-loaded=""true"" data-aesra-score=""imgTextAlternative:1;"" aria-hidden=""true"" /><span>   Categoría: Aplicación creativa - edición de gráficos e imágenes, fuentes </span>\n<img class=""ae-exclude"" src=""https://cdn-us-ec.yottaa.net/56abbca0312e5815f5000542/e42d88e0d50401335179123dfe2baf36.yottaa.net/v~4b.47/main/gfx-blkbullet.jpg?yocs=2m_2E_&amp;yoloc=us"" alt="""" align=""absmiddle"" data-yo-delaytype=""lazy"" data-yo-src=""https://cdn-us-ec.yottaa.net/56abbca0312e5815f5000542/e42d88e0d50401335179123dfe2baf36.yottaa.net/v~4b.47/main/gfx-blkbullet.jpg?yocs=2m_2E_&amp;yoloc=us"" data-yo-loaded=""true"" data-aesra-score=""imgTextAlternative:1;"" aria-hidden=""true"" /><span>  Tipo de producto: Paquete de la caja </span>\n<img class=""ae-exclude"" src=""https://cdn-us-ec.yottaa.net/56abbca0312e5815f5000542/e42d88e0d50401335179123dfe2baf36.yottaa.net/v~4b.47/main/gfx-blkbullet.jpg?yocs=2m_2E_&amp;yoloc=us"" alt="""" align=""absmiddle"" data-yo-delaytype=""lazy"" data-yo-src=""https://cdn-us-ec.yottaa.net/56abbca0312e5815f5000542/e42d88e0d50401335179123dfe2baf36.yottaa.net/v~4b.47/main/gfx-blkbullet.jpg?yocs=2m_2E_&amp;yoloc=us"" data-yo-loaded=""true"" data-aesra-score=""imgTextAlternative:1;"" aria-hidden=""true"" /><span>  Plataforma: Windows, MacOS </span>\n<img class=""ae-exclude"" src=""https://cdn-us-ec.yottaa.net/56abbca0312e5815f5000542/e42d88e0d50401335179123dfe2baf36.yottaa.net/v~4b.47/main/gfx-blkbullet.jpg?yocs=2m_2E_&amp;yoloc=us"" alt="""" align=""absmiddle"" data-yo-delaytype=""lazy"" data-yo-src=""https://cdn-us-ec.yottaa.net/56abbca0312e5815f5000542/e42d88e0d50401335179123dfe2baf36.yottaa.net/v~4b.47/main/gfx-blkbullet.jpg?yocs=2m_2E_&amp;yoloc=us"" data-yo-loaded=""true"" data-aesra-score=""imgTextAlternative:1;"" aria-hidden=""true"" /><span>  Distribución soporte: CD-ROM </span>\n<img class=""ae-exclude"" src=""https://cdn-us-ec.yottaa.net/56abbca0312e5815f5000542/e42d88e0d50401335179123dfe2baf36.yottaa.net/v~4b.47/main/gfx-blkbullet.jpg?yocs=2m_2E_&amp;yoloc=us"" alt="""" align=""absmiddle"" data-yo-delaytype=""lazy"" data-yo-src=""https://cdn-us-ec.yottaa.net/56abbca0312e5815f5000542/e42d88e0d50401335179123dfe2baf36.yottaa.net/v~4b.47/main/gfx-blkbullet.jpg?yocs=2m_2E_&amp;yoloc=us"" data-yo-loaded=""true"" data-aesra-score=""imgTextAlternative:1;"" aria-hidden=""true"" /><span>  Min compatibles Profundidad de color: 16 bits (64K colores) </span>\n\n<span class=""font_size3bold""><span>licencias</span></span>\n<img class=""ae-exclude"" src=""https://cdn-us-ec.yottaa.net/56abbca0312e5815f5000542/e42d88e0d50401335179123dfe2baf36.yottaa.net/v~4b.47/main/gfx-blkbullet.jpg?yocs=2m_2E_&amp;yoloc=us"" alt="""" align=""absmiddle"" data-yo-delaytype=""lazy"" data-yo-src=""https://cdn-us-ec.yottaa.net/56abbca0312e5815f5000542/e42d88e0d50401335179123dfe2baf36.yottaa.net/v~4b.47/main/gfx-blkbullet.jpg?yocs=2m_2E_&amp;yoloc=us"" data-yo-loaded=""true"" data-aesra-score=""imgTextAlternative:1;"" aria-hidden=""true"" /><span>   1 usuario: Tipo de licencia </span>\n\n<span class=""font_size3bold""><span>Requisitos del sistema</span></span>\n<img class=""ae-exclude"" src=""https://cdn-us-ec.yottaa.net/56abbca0312e5815f5000542/e42d88e0d50401335179123dfe2baf36.yottaa.net/v~4b.47/main/gfx-blkbullet.jpg?yocs=2m_2E_&amp;yoloc=us"" alt="""" align=""absmiddle"" data-yo-delaytype=""lazy"" data-yo-src=""https://cdn-us-ec.yottaa.net/56abbca0312e5815f5000542/e42d88e0d50401335179123dfe2baf36.yottaa.net/v~4b.47/main/gfx-blkbullet.jpg?yocs=2m_2E_&amp;yoloc=us"" data-yo-loaded=""true"" data-aesra-score=""imgTextAlternative:1;"" aria-hidden=""true"" /><span>   Sistemas operativos soportados : Microsoft Windows 98, Microsoft Windows 2000, Apple MacOS 8.6 o posterior, Microsoft Windows Millennium Edition, Microsoft Windows XP </span>\n<img class=""ae-exclude"" src=""https://cdn-us-ec.yottaa.net/56abbca0312e5815f5000542/e42d88e0d50401335179123dfe2baf36.yottaa.net/v~4b.47/main/gfx-blkbullet.jpg?yocs=2m_2E_&amp;yoloc=us"" alt="""" align=""absmiddle"" data-yo-delaytype=""lazy"" data-yo-src=""https://cdn-us-ec.yottaa.net/56abbca0312e5815f5000542/e42d88e0d50401335179123dfe2baf36.yottaa.net/v~4b.47/main/gfx-blkbullet.jpg?yocs=2m_2E_&amp;yoloc=us"" data-yo-loaded=""true"" data-aesra-score=""imgTextAlternative:1;"" aria-hidden=""true"" /><span>  Requisitos de hardware: Microsoft Windows 98 / ME / 2000 / XP - Pentium II - 266 MHz - RAM 64 MB - HD 10 MB Apple MacOS 8.6 o posterior - 120 MHz - RAM 64 MB - HD 5 MB </span>\n<img class=""ae-exclude"" src=""https://cdn-us-ec.yottaa.net/56abbca0312e5815f5000542/e42d88e0d50401335179123dfe2baf36.yottaa.net/v~4b.47/main/gfx-blkbullet.jpg?yocs=2m_2E_&amp;yoloc=us"" alt="""" align=""absmiddle"" data-yo-delaytype=""lazy"" data-yo-src=""https://cdn-us-ec.yottaa.net/56abbca0312e5815f5000542/e42d88e0d50401335179123dfe2baf36.yottaa.net/v~4b.47/main/gfx-blkbullet.jpg?yocs=2m_2E_&amp;yoloc=us"" data-yo-loaded=""true"" data-aesra-score=""imgTextAlternative:1;"" aria-hidden=""true"" /><span>  Requisitos adicionales: ratón o dispositivo compatible, 8x CD-ROM, impresora, monitor SVGA, teclado</span>",,,taxable,,1,,,0,0,,,,,1,,,11,Software,,,http://edelosreyes.me/WordPress/wp-content/uploads/2019/03/99.jpg,,,,,,,,,0
7545,simple,,"Cantidad: 1 Límite de 2 por cliente AÑADIR A LA CESTA Guardar en lista de deseos Esenciales de Corel Painter - (v. 5) - paquete de la caja - 1 usuario",1,0,visible,,"<span class=""font_size3bold""><span>General</span></span>\n<img class=""ae-exclude"" src=""https://cdn-us-ec.yottaa.net/56abbca0312e5815f5000542/e42d88e0d50401335179123dfe2baf36.yottaa.net/v~4b.47/main/gfx-blkbullet.jpg?yocs=2m_2E_&amp;yoloc=us"" alt="""" align=""absmiddle"" data-yo-delaytype=""lazy"" data-yo-src=""https://cdn-us-ec.yottaa.net/56abbca0312e5815f5000542/e42d88e0d50401335179123dfe2baf36.yottaa.net/v~4b.47/main/gfx-blkbullet.jpg?yocs=2m_2E_&amp;yoloc=us"" data-yo-loaded=""true"" data-aesra-score=""imgTextAlternative:1;"" aria-hidden=""true"" /><span>   Categoría: Aplicación creativa - gráficos y edición de imágenes </span>\n<img class=""ae-exclude"" src=""https://cdn-us-ec.yottaa.net/56abbca0312e5815f5000542/e42d88e0d50401335179123dfe2baf36.yottaa.net/v~4b.47/main/gfx-blkbullet.jpg?yocs=2m_2E_&amp;yoloc=us"" alt="""" align=""absmiddle"" data-yo-delaytype=""lazy"" data-yo-src=""https://cdn-us-ec.yottaa.net/56abbca0312e5815f5000542/e42d88e0d50401335179123dfe2baf36.yottaa.net/v~4b.47/main/gfx-blkbullet.jpg?yocs=2m_2E_&amp;yoloc=us"" data-yo-loaded=""true"" data-aesra-score=""imgTextAlternative:1;"" aria-hidden=""true"" /><span>  Tipo de producto: Caja de paquete </span>\n<img class=""ae-exclude"" src=""https://cdn-us-ec.yottaa.net/56abbca0312e5815f5000542/e42d88e0d50401335179123dfe2baf36.yottaa.net/v~4b.47/main/gfx-blkbullet.jpg?yocs=2m_2E_&amp;yoloc=us"" alt="""" align=""absmiddle"" data-yo-delaytype=""lazy"" data-yo-src=""https://cdn-us-ec.yottaa.net/56abbca0312e5815f5000542/e42d88e0d50401335179123dfe2baf36.yottaa.net/v~4b.47/main/gfx-blkbullet.jpg?yocs=2m_2E_&amp;yoloc=us"" data-yo-loaded=""true"" data-aesra-score=""imgTextAlternative:1;"" aria-hidden=""true"" /><span>  Versión: 5 </span>\n<img class=""ae-exclude"" src=""https://cdn-us-ec.yottaa.net/56abbca0312e5815f5000542/e42d88e0d50401335179123dfe2baf36.yottaa.net/v~4b.47/main/gfx-blkbullet.jpg?yocs=2m_2E_&amp;yoloc=us"" alt="""" align=""absmiddle"" data-yo-delaytype=""lazy"" data-yo-src=""https://cdn-us-ec.yottaa.net/56abbca0312e5815f5000542/e42d88e0d50401335179123dfe2baf36.yottaa.net/v~4b.47/main/gfx-blkbullet.jpg?yocs=2m_2E_&amp;yoloc=us"" data-yo-loaded=""true"" data-aesra-score=""imgTextAlternative:1;"" aria-hidden=""true"" /><span>  Plataforma: Windows, MacOS </span>\n<img class=""ae-exclude"" src=""https://cdn-us-ec.yottaa.net/56abbca0312e5815f5000542/e42d88e0d50401335179123dfe2baf36.yottaa.net/v~4b.47/main/gfx-blkbullet.jpg?yocs=2m_2E_&amp;yoloc=us"" alt="""" align=""absmiddle"" data-yo-delaytype=""lazy"" data-yo-src=""https://cdn-us-ec.yottaa.net/56abbca0312e5815f5000542/e42d88e0d50401335179123dfe2baf36.yottaa.net/v~4b.47/main/gfx-blkbullet.jpg?yocs=2m_2E_&amp;yoloc=us"" data-yo-loaded=""true"" data-aesra-score=""imgTextAlternative:1;"" aria-hidden=""true"" /><span>  Distribución soporte: DVD-ROM (mini-caja) </span>\n<img class=""ae-exclude"" src=""https://cdn-us-ec.yottaa.net/56abbca0312e5815f5000542/e42d88e0d50401335179123dfe2baf36.yottaa.net/v~4b.47/main/gfx-blkbullet.jpg?yocs=2m_2E_&amp;yoloc=us"" alt="""" align=""absmiddle"" data-yo-delaytype=""lazy"" data-yo-src=""https://cdn-us-ec.yottaa.net/56abbca0312e5815f5000542/e42d88e0d50401335179123dfe2baf36.yottaa.net/v~4b.47/main/gfx-blkbullet.jpg?yocs=2m_2E_&amp;yoloc=us"" data-yo-loaded=""true"" data-aesra-score=""imgTextAlternative:1;"" aria-hidden=""true"" /><span>  Idioma: Inglés, Francés </span>\n\n<span class=""font_size3bold""><span>Licencias</span></span>\n<img class=""ae-exclude"" src=""https://cdn-us-ec.yottaa.net/56abbca0312e5815f5000542/e42d88e0d50401335179123dfe2baf36.yottaa.net/v~4b.47/main/gfx-blkbullet.jpg?yocs=2m_2E_&amp;yoloc=us"" alt="""" align=""absmiddle"" data-yo-delaytype=""lazy"" data-yo-src=""https://cdn-us-ec.yottaa.net/56abbca0312e5815f5000542/e42d88e0d50401335179123dfe2baf36.yottaa.net/v~4b.47/main/gfx-blkbullet.jpg?yocs=2m_2E_&amp;yoloc=us"" data-yo-loaded=""true"" data-aesra-score=""imgTextAlternative:1;"" aria-hidden=""true"" /><span>   Tipo de licencia: 1 usuario </span>\n\n<span class=""font_size3bold""><span>Requisitos del sistema</span></span>\n<img class=""ae-exclude"" src=""https://cdn-us-ec.yottaa.net/56abbca0312e5815f5000542/e42d88e0d50401335179123dfe2baf36.yottaa.net/v~4b.47/main/gfx-blkbullet.jpg?yocs=2m_2E_&amp;yoloc=us"" alt="""" align=""absmiddle"" data-yo-delaytype=""lazy"" data-yo-src=""https://cdn-us-ec.yottaa.net/56abbca0312e5815f5000542/e42d88e0d50401335179123dfe2baf36.yottaa.net/v~4b.47/main/gfx-blkbullet.jpg?yocs=2m_2E_&amp;yoloc=us"" data-yo-loaded=""true"" data-aesra-score=""imgTextAlternative:1;"" aria-hidden=""true"" /><span>   Sistemas operativos soportados: Microsoft Windows 7 Edición de 64 bits, Windows 8.1 Edición de 64 bits, Apple MacOS X 10.9, Apple MacOS X 10.10 </span>\n<img class=""ae-exclude"" src=""https://cdn-us-ec.yottaa.net/56abbca0312e5815f5000542/e42d88e0d50401335179123dfe2baf36.yottaa.net/v~4b.47/main/gfx-blkbullet.jpg?yocs=2m_2E_&amp;yoloc=us"" alt="""" align=""absmiddle"" data-yo-delaytype=""lazy"" data-yo-src=""https://cdn-us-ec.yottaa.net/56abbca0312e5815f5000542/e42d88e0d50401335179123dfe2baf36.yottaa.net/v~4b.47/main/gfx-blkbullet.jpg?yocs=2m_2E_&amp;yoloc=us"" data-yo-loaded=""true"" data-aesra-score=""imgTextAlternative:1;"" aria-hidden=""true"" /><span>  Requisitos de hardware: Microsoft Windows - Pentium 4 RAM 2 GB - HD 650 MB ¦ Apple MacOS X - Intel Core Duo RAM 2 GB - HD 500 MB </span>\n<img class=""ae-exclude"" src=""https://cdn-us-ec.yottaa.net/56abbca0312e5815f5000542/e42d88e0d50401335179123dfe2baf36.yottaa.net/v~4b.47/main/gfx-blkbullet.jpg?yocs=2m_2E_&amp;yoloc=us"" alt="""" align=""absmiddle"" data-yo-delaytype=""lazy"" data-yo-src=""https://cdn-us-ec.yottaa.net/56abbca0312e5815f5000542/e42d88e0d50401335179123dfe2baf36.yottaa.net/v~4b.47/main/gfx-blkbullet.jpg?yocs=2m_2E_&amp;yoloc=us"" data-yo-loaded=""true"" data-aesra-score=""imgTextAlternative:1;"" aria-hidden=""true"" /><span>  Requisitos adicionales: DVD-ROM, resolución de monitor de 1024 x 768, Internet Explorer 8.0 o posterior, Safari 5 o posterior</span>",,,taxable,,1,,,0,0,,,,,1,,,49,Software,,,http://edelosreyes.me/WordPress/wp-content/uploads/2019/03/100.jpg,,,,,,,,,0
7548,simple,,"CardPresso XXS - Paquete de cajas - Win, Mac - con llave USB",1,0,visible,,"<span class=""font_size3bold""><span>General</span></span>\n<img class=""ae-exclude"" src=""https://cdn-us-ec.yottaa.net/56abbca0312e5815f5000542/e42d88e0d50401335179123dfe2baf36.yottaa.net/v~4b.47/main/gfx-blkbullet.jpg?yocs=2m_2E_&amp;yoloc=us"" alt="""" align=""absmiddle"" data-yo-delaytype=""lazy"" data-yo-src=""https://cdn-us-ec.yottaa.net/56abbca0312e5815f5000542/e42d88e0d50401335179123dfe2baf36.yottaa.net/v~4b.47/main/gfx-blkbullet.jpg?yocs=2m_2E_&amp;yoloc=us"" data-yo-loaded=""true"" data-aesra-score=""imgTextAlternative:1;"" aria-hidden=""true"" /><span>   Categoría: Aplicación creativa - edición de gráficos e imágenes, / software de código de barras etiquetado </span>\n<img class=""ae-exclude"" src=""https://cdn-us-ec.yottaa.net/56abbca0312e5815f5000542/e42d88e0d50401335179123dfe2baf36.yottaa.net/v~4b.47/main/gfx-blkbullet.jpg?yocs=2m_2E_&amp;yoloc=us"" alt="""" align=""absmiddle"" data-yo-delaytype=""lazy"" data-yo-src=""https://cdn-us-ec.yottaa.net/56abbca0312e5815f5000542/e42d88e0d50401335179123dfe2baf36.yottaa.net/v~4b.47/main/gfx-blkbullet.jpg?yocs=2m_2E_&amp;yoloc=us"" data-yo-loaded=""true"" data-aesra-score=""imgTextAlternative:1;"" aria-hidden=""true"" /><span>  Tipo de producto: paquete de la caja </span>\n<img class=""ae-exclude"" src=""https://cdn-us-ec.yottaa.net/56abbca0312e5815f5000542/e42d88e0d50401335179123dfe2baf36.yottaa.net/v~4b.47/main/gfx-blkbullet.jpg?yocs=2m_2E_&amp;yoloc=us"" alt="""" align=""absmiddle"" data-yo-delaytype=""lazy"" data-yo-src=""https://cdn-us-ec.yottaa.net/56abbca0312e5815f5000542/e42d88e0d50401335179123dfe2baf36.yottaa.net/v~4b.47/main/gfx-blkbullet.jpg?yocs=2m_2E_&amp;yoloc=us"" data-yo-loaded=""true"" data-aesra-score=""imgTextAlternative:1;"" aria-hidden=""true"" /><span>  incluye con: llave USB </span>\n<img class=""ae-exclude"" src=""https://cdn-us-ec.yottaa.net/56abbca0312e5815f5000542/e42d88e0d50401335179123dfe2baf36.yottaa.net/v~4b.47/main/gfx-blkbullet.jpg?yocs=2m_2E_&amp;yoloc=us"" alt="""" align=""absmiddle"" data-yo-delaytype=""lazy"" data-yo-src=""https://cdn-us-ec.yottaa.net/56abbca0312e5815f5000542/e42d88e0d50401335179123dfe2baf36.yottaa.net/v~4b.47/main/gfx-blkbullet.jpg?yocs=2m_2E_&amp;yoloc=us"" data-yo-loaded=""true"" data-aesra-score=""imgTextAlternative:1;"" aria-hidden=""true"" /><span>  Plataforma: Windows, MacOS </span>\n\n<span class=""font_size3bold""><span>Licencias</span></span>\n<img class=""ae-exclude"" src=""https://cdn-us-ec.yottaa.net/56abbca0312e5815f5000542/e42d88e0d50401335179123dfe2baf36.yottaa.net/v~4b.47/main/gfx-blkbullet.jpg?yocs=2m_2E_&amp;yoloc=us"" alt="""" align=""absmiddle"" data-yo-delaytype=""lazy"" data-yo-src=""https://cdn-us-ec.yottaa.net/56abbca0312e5815f5000542/e42d88e0d50401335179123dfe2baf36.yottaa.net/v~4b.47/main/gfx-blkbullet.jpg?yocs=2m_2E_&amp;yoloc=us"" data-yo-loaded=""true"" data-aesra-score=""imgTextAlternative:1;"" aria-hidden=""true"" /><span>   Tipo de licencia: 1 licencia</span>",,,taxable,,1,,,0,0,,,,,1,,,71,Software,,,http://edelosreyes.me/WordPress/wp-content/uploads/2019/03/101.jpg,,,,,,,,,0
7551,simple,,"Zebra Technologies ZMotif CardStudio Classic edition - Paquete de cajas - 1 usuario - CD - (P1031773-001)",1,0,visible,,"<span class=""font_size3bold""><span>General</span></span>\n<img class=""ae-exclude"" src=""https://cdn-us-ec.yottaa.net/56abbca0312e5815f5000542/e42d88e0d50401335179123dfe2baf36.yottaa.net/v~4b.47/main/gfx-blkbullet.jpg?yocs=2m_2E_&amp;yoloc=us"" alt="""" align=""absmiddle"" data-yo-delaytype=""lazy"" data-yo-src=""https://cdn-us-ec.yottaa.net/56abbca0312e5815f5000542/e42d88e0d50401335179123dfe2baf36.yottaa.net/v~4b.47/main/gfx-blkbullet.jpg?yocs=2m_2E_&amp;yoloc=us"" data-yo-loaded=""true"" data-aesra-score=""imgTextAlternative:1;"" aria-hidden=""true"" /><span>   Categoría: Aplicación creativa - gráficos y edición de imágenes </span>\n<img class=""ae-exclude"" src=""https://cdn-us-ec.yottaa.net/56abbca0312e5815f5000542/e42d88e0d50401335179123dfe2baf36.yottaa.net/v~4b.47/main/gfx-blkbullet.jpg?yocs=2m_2E_&amp;yoloc=us"" alt="""" align=""absmiddle"" data-yo-delaytype=""lazy"" data-yo-src=""https://cdn-us-ec.yottaa.net/56abbca0312e5815f5000542/e42d88e0d50401335179123dfe2baf36.yottaa.net/v~4b.47/main/gfx-blkbullet.jpg?yocs=2m_2E_&amp;yoloc=us"" data-yo-loaded=""true"" data-aesra-score=""imgTextAlternative:1;"" aria-hidden=""true"" /><span>  Tipo de producto: Paquete de la caja </span>\n<img class=""ae-exclude"" src=""https://cdn-us-ec.yottaa.net/56abbca0312e5815f5000542/e42d88e0d50401335179123dfe2baf36.yottaa.net/v~4b.47/main/gfx-blkbullet.jpg?yocs=2m_2E_&amp;yoloc=us"" alt="""" align=""absmiddle"" data-yo-delaytype=""lazy"" data-yo-src=""https://cdn-us-ec.yottaa.net/56abbca0312e5815f5000542/e42d88e0d50401335179123dfe2baf36.yottaa.net/v~4b.47/main/gfx-blkbullet.jpg?yocs=2m_2E_&amp;yoloc=us"" data-yo-loaded=""true"" data-aesra-score=""imgTextAlternative:1;"" aria-hidden=""true"" /><span>  Plataforma: Windows </span>\n<img class=""ae-exclude"" src=""https://cdn-us-ec.yottaa.net/56abbca0312e5815f5000542/e42d88e0d50401335179123dfe2baf36.yottaa.net/v~4b.47/main/gfx-blkbullet.jpg?yocs=2m_2E_&amp;yoloc=us"" alt="""" align=""absmiddle"" data-yo-delaytype=""lazy"" data-yo-src=""https://cdn-us-ec.yottaa.net/56abbca0312e5815f5000542/e42d88e0d50401335179123dfe2baf36.yottaa.net/v~4b.47/main/gfx-blkbullet.jpg?yocs=2m_2E_&amp;yoloc=us"" data-yo-loaded=""true"" data-aesra-score=""imgTextAlternative:1;"" aria-hidden=""true"" /><span>  Distribución soporte: CD-ROM </span>\n\n<span class=""font_size3bold""><span>Licencias</span></span>\n<img class=""ae-exclude"" src=""https://cdn-us-ec.yottaa.net/56abbca0312e5815f5000542/e42d88e0d50401335179123dfe2baf36.yottaa.net/v~4b.47/main/gfx-blkbullet.jpg?yocs=2m_2E_&amp;yoloc=us"" alt="""" align=""absmiddle"" data-yo-delaytype=""lazy"" data-yo-src=""https://cdn-us-ec.yottaa.net/56abbca0312e5815f5000542/e42d88e0d50401335179123dfe2baf36.yottaa.net/v~4b.47/main/gfx-blkbullet.jpg?yocs=2m_2E_&amp;yoloc=us"" data-yo-loaded=""true"" data-aesra-score=""imgTextAlternative:1;"" aria-hidden=""true"" /><span>   Tipo de licencia: 1 usuario </span>\n\n<span class=""font_size3bold""><span>Requisitos del sistema</span></span>\n<img class=""ae-exclude"" src=""https://cdn-us-ec.yottaa.net/56abbca0312e5815f5000542/e42d88e0d50401335179123dfe2baf36.yottaa.net/v~4b.47/main/gfx-blkbullet.jpg?yocs=2m_2E_&amp;yoloc=us"" alt="""" align=""absmiddle"" data-yo-delaytype=""lazy"" data-yo-src=""https://cdn-us-ec.yottaa.net/56abbca0312e5815f5000542/e42d88e0d50401335179123dfe2baf36.yottaa.net/v~4b.47/main/gfx-blkbullet.jpg?yocs=2m_2E_&amp;yoloc=us"" data-yo-loaded=""true"" data-aesra-score=""imgTextAlternative:1;"" aria-hidden=""true"" /><span>   Sistemas operativos soportados: Microsoft Windows XP, Microsoft Windows 7, Microsoft Windows Vista </span>\n<img class=""ae-exclude"" src=""https://cdn-us-ec.yottaa.net/56abbca0312e5815f5000542/e42d88e0d50401335179123dfe2baf36.yottaa.net/v~4b.47/main/gfx-blkbullet.jpg?yocs=2m_2E_&amp;yoloc=us"" alt="""" align=""absmiddle"" data-yo-delaytype=""lazy"" data-yo-src=""https://cdn-us-ec.yottaa.net/56abbca0312e5815f5000542/e42d88e0d50401335179123dfe2baf36.yottaa.net/v~4b.47/main/gfx-blkbullet.jpg?yocs=2m_2E_&amp;yoloc=us"" data-yo-loaded=""true"" data-aesra-score=""imgTextAlternative:1;"" aria-hidden=""true"" /><span>  Requisitos de hardware: Microsoft Windows Vista / XP / 7 - Pentium RAM 512 MB - HD 400 MB </span>\n<img class=""ae-exclude"" src=""https://cdn-us-ec.yottaa.net/56abbca0312e5815f5000542/e42d88e0d50401335179123dfe2baf36.yottaa.net/v~4b.47/main/gfx-blkbullet.jpg?yocs=2m_2E_&amp;yoloc=us"" alt="""" align=""absmiddle"" data-yo-delaytype=""lazy"" data-yo-src=""https://cdn-us-ec.yottaa.net/56abbca0312e5815f5000542/e42d88e0d50401335179123dfe2baf36.yottaa.net/v~4b.47/main/gfx-blkbullet.jpg?yocs=2m_2E_&amp;yoloc=us"" data-yo-loaded=""true"" data-aesra-score=""imgTextAlternative:1;"" aria-hidden=""true"" /><span>  Requisitos adicionales: mouse o dispositivo compatible, CD-ROM 8x, conexión a Internet</span>",,,taxable,,1,,,0,0,,,,,1,,,67,Software,,,http://edelosreyes.me/WordPress/wp-content/uploads/2019/03/102.jpg,,,,,,,,,0
